Ottimizzazione,Scheduling,Boids,Threads,ChunkSize,NumeroChunk,TempoMedio_s,TempoMin_s,TempoMax_s,TempoSequenziale_s,Speedup,TempoMedioBoid_us
NAIVE,STATICO,2000,1,1,2000,0.731800,0.731000,0.733000,0.639600,0.87,7.318
NAIVE,STATICO,2000,2,1,2000,0.398800,0.398000,0.400000,0.639600,1.60,3.988
NAIVE,STATICO,2000,4,1,2000,0.205200,0.203000,0.206000,0.639600,3.12,2.052
NAIVE,STATICO,2000,6,1,2000,0.150600,0.145000,0.154000,0.639600,4.25,1.506
NAIVE,STATICO,2000,8,1,2000,0.135800,0.135000,0.136000,0.639600,4.71,1.358
NAIVE,STATICO,2000,12,1,2000,0.102800,0.097000,0.119000,0.639600,6.22,1.028
NAIVE,STATICO,2000,18,1,2000,0.125200,0.125000,0.126000,0.639600,5.11,1.252
NAIVE,STATICO,2000,24,1,2000,0.110200,0.109000,0.112000,0.639600,5.80,1.102
NAIVE,STATICO,2000,1,8,250,0.732000,0.729000,0.739000,0.639600,0.87,7.320
NAIVE,STATICO,2000,2,8,250,0.392400,0.391000,0.394000,0.639600,1.63,3.924
NAIVE,STATICO,2000,4,8,250,0.202200,0.201000,0.203000,0.639600,3.16,2.022
NAIVE,STATICO,2000,6,8,250,0.144600,0.143000,0.146000,0.639600,4.42,1.446
NAIVE,STATICO,2000,8,8,250,0.136000,0.136000,0.136000,0.639600,4.70,1.360
NAIVE,STATICO,2000,12,8,250,0.101400,0.099000,0.103000,0.639600,6.31,1.014
NAIVE,STATICO,2000,18,8,250,0.127200,0.126000,0.128000,0.639600,5.03,1.272
NAIVE,STATICO,2000,24,8,250,0.114200,0.114000,0.115000,0.639600,5.60,1.142
NAIVE,STATICO,2000,1,32,63,0.731200,0.728000,0.736000,0.639600,0.87,7.312
NAIVE,STATICO,2000,2,32,63,0.393800,0.393000,0.395000,0.639600,1.62,3.938
NAIVE,STATICO,2000,4,32,63,0.203200,0.202000,0.204000,0.639600,3.15,2.032
NAIVE,STATICO,2000,6,32,63,0.149200,0.147000,0.151000,0.639600,4.29,1.492
NAIVE,STATICO,2000,8,32,63,0.137200,0.136000,0.138000,0.639600,4.66,1.372
NAIVE,STATICO,2000,12,32,63,0.108400,0.107000,0.110000,0.639600,5.90,1.084
NAIVE,STATICO,2000,18,32,63,0.127200,0.126000,0.128000,0.639600,5.03,1.272
NAIVE,STATICO,2000,24,32,63,0.120600,0.119000,0.122000,0.639600,5.30,1.206
NAIVE,STATICO,2000,1,64,32,0.745000,0.731000,0.771000,0.639600,0.86,7.450
NAIVE,STATICO,2000,2,64,32,0.401000,0.399000,0.402000,0.639600,1.60,4.010
NAIVE,STATICO,2000,4,64,32,0.204800,0.204000,0.206000,0.639600,3.12,2.048
NAIVE,STATICO,2000,6,64,32,0.159000,0.157000,0.160000,0.639600,4.02,1.590
NAIVE,STATICO,2000,8,64,32,0.137800,0.137000,0.139000,0.639600,4.64,1.378
NAIVE,STATICO,2000,12,64,32,0.113000,0.110000,0.118000,0.639600,5.66,1.130
NAIVE,STATICO,2000,18,64,32,0.134400,0.133000,0.135000,0.639600,4.76,1.344
NAIVE,STATICO,2000,24,64,32,0.140800,0.140000,0.142000,0.639600,4.54,1.408
NAIVE,STATICO,2000,1,128,16,0.732400,0.729000,0.737000,0.639600,0.87,7.324
NAIVE,STATICO,2000,2,128,16,0.400600,0.397000,0.407000,0.639600,1.60,4.006
NAIVE,STATICO,2000,4,128,16,0.204400,0.203000,0.206000,0.639600,3.13,2.044
NAIVE,STATICO,2000,6,128,16,0.162200,0.161000,0.163000,0.639600,3.94,1.622
NAIVE,STATICO,2000,8,128,16,0.137400,0.136000,0.138000,0.639600,4.66,1.374
NAIVE,STATICO,2000,12,128,16,0.135600,0.134000,0.138000,0.639600,4.72,1.356
NAIVE,STATICO,2000,18,128,16,0.137600,0.137000,0.139000,0.639600,4.65,1.376
NAIVE,STATICO,2000,24,128,16,0.142800,0.142000,0.144000,0.639600,4.48,1.428
NAIVE,STATICO,2000,1,256,8,0.731000,0.729000,0.733000,0.639600,0.87,7.310
NAIVE,STATICO,2000,2,256,8,0.400000,0.396000,0.403000,0.639600,1.60,4.000
NAIVE,STATICO,2000,4,256,8,0.204800,0.204000,0.206000,0.639600,3.12,2.048
NAIVE,STATICO,2000,6,256,8,0.216800,0.205000,0.232000,0.639600,2.95,2.168
NAIVE,STATICO,2000,8,256,8,0.138000,0.137000,0.139000,0.639600,4.63,1.380
NAIVE,STATICO,2000,12,256,8,0.141400,0.141000,0.142000,0.639600,4.52,1.414
NAIVE,STATICO,2000,18,256,8,0.147400,0.147000,0.148000,0.639600,4.34,1.474
NAIVE,STATICO,2000,24,256,8,0.153200,0.153000,0.154000,0.639600,4.17,1.532
NAIVE,STATICO,5000,1,1,5000,4.514200,4.501000,4.523000,3.914800,0.87,18.057
NAIVE,STATICO,5000,2,1,5000,2.325600,2.318000,2.334000,3.914800,1.68,9.302
NAIVE,STATICO,5000,4,1,5000,1.231200,1.224000,1.242000,3.914800,3.18,4.925
NAIVE,STATICO,5000,6,1,5000,0.916200,0.911000,0.922000,3.914800,4.27,3.665
NAIVE,STATICO,5000,8,1,5000,0.762400,0.760000,0.765000,3.914800,5.13,3.050
NAIVE,STATICO,5000,12,1,5000,0.552400,0.545000,0.562000,3.914800,7.09,2.210
NAIVE,STATICO,5000,18,1,5000,0.682600,0.680000,0.685000,3.914800,5.74,2.730
NAIVE,STATICO,5000,24,1,5000,0.569800,0.565000,0.581000,3.914800,6.87,2.279
NAIVE,STATICO,5000,1,8,625,4.521200,4.505000,4.543000,3.914800,0.87,18.085
NAIVE,STATICO,5000,2,8,625,2.319400,2.313000,2.327000,3.914800,1.69,9.278
NAIVE,STATICO,5000,4,8,625,1.210800,1.198000,1.227000,3.914800,3.23,4.843
NAIVE,STATICO,5000,6,8,625,0.905600,0.895000,0.914000,3.914800,4.32,3.622
NAIVE,STATICO,5000,8,8,625,0.756000,0.752000,0.758000,3.914800,5.18,3.024
NAIVE,STATICO,5000,12,8,625,0.549600,0.544000,0.558000,3.914800,7.12,2.198
NAIVE,STATICO,5000,18,8,625,0.676600,0.674000,0.679000,3.914800,5.79,2.706
NAIVE,STATICO,5000,24,8,625,0.578400,0.568000,0.588000,3.914800,6.77,2.314
NAIVE,STATICO,5000,1,32,157,4.523000,4.517000,4.527000,3.914800,0.87,18.092
NAIVE,STATICO,5000,2,32,157,2.329200,2.321000,2.338000,3.914800,1.68,9.317
NAIVE,STATICO,5000,4,32,157,1.209000,1.202000,1.217000,3.914800,3.24,4.836
NAIVE,STATICO,5000,6,32,157,0.913800,0.909000,0.922000,3.914800,4.28,3.655
NAIVE,STATICO,5000,8,32,157,0.761600,0.758000,0.764000,3.914800,5.14,3.046
NAIVE,STATICO,5000,12,32,157,0.553800,0.551000,0.559000,3.914800,7.07,2.215
NAIVE,STATICO,5000,18,32,157,0.680200,0.673000,0.686000,3.914800,5.76,2.721
NAIVE,STATICO,5000,24,32,157,0.596600,0.593000,0.600000,3.914800,6.56,2.386
NAIVE,STATICO,5000,1,64,79,4.535200,4.523000,4.546000,3.914800,0.86,18.141
NAIVE,STATICO,5000,2,64,79,2.328000,2.314000,2.349000,3.914800,1.68,9.312
NAIVE,STATICO,5000,4,64,79,1.252800,1.247000,1.256000,3.914800,3.12,5.011
NAIVE,STATICO,5000,6,64,79,0.907200,0.899000,0.920000,3.914800,4.32,3.629
NAIVE,STATICO,5000,8,64,79,0.767600,0.766000,0.769000,3.914800,5.10,3.070
NAIVE,STATICO,5000,12,64,79,0.576400,0.570000,0.582000,3.914800,6.79,2.306
NAIVE,STATICO,5000,18,64,79,0.688600,0.682000,0.695000,3.914800,5.69,2.754
NAIVE,STATICO,5000,24,64,79,0.629800,0.626000,0.638000,3.914800,6.22,2.519
NAIVE,STATICO,5000,1,128,40,4.529000,4.521000,4.539000,3.914800,0.86,18.116
NAIVE,STATICO,5000,2,128,40,2.384800,2.374000,2.400000,3.914800,1.64,9.539
NAIVE,STATICO,5000,4,128,40,1.250400,1.238000,1.258000,3.914800,3.13,5.002
NAIVE,STATICO,5000,6,128,40,0.949600,0.940000,0.965000,3.914800,4.12,3.798
NAIVE,STATICO,5000,8,128,40,0.773400,0.771000,0.777000,3.914800,5.06,3.094
NAIVE,STATICO,5000,12,128,40,0.622000,0.619000,0.626000,3.914800,6.29,2.488
NAIVE,STATICO,5000,18,128,40,0.726200,0.721000,0.733000,3.914800,5.39,2.905
NAIVE,STATICO,5000,24,128,40,0.644000,0.635000,0.661000,3.914800,6.08,2.576
NAIVE,STATICO,5000,1,256,20,4.536800,4.529000,4.545000,3.914800,0.86,18.147
NAIVE,STATICO,5000,2,256,20,2.378200,2.370000,2.384000,3.914800,1.65,9.513
NAIVE,STATICO,5000,4,256,20,1.247200,1.238000,1.254000,3.914800,3.14,4.989
NAIVE,STATICO,5000,6,256,20,1.007200,0.995000,1.021000,3.914800,3.89,4.029
NAIVE,STATICO,5000,8,256,20,0.867800,0.860000,0.880000,3.914800,4.51,3.471
NAIVE,STATICO,5000,12,256,20,0.645000,0.640000,0.648000,3.914800,6.07,2.580
NAIVE,STATICO,5000,18,256,20,0.759600,0.749000,0.771000,3.914800,5.15,3.038
NAIVE,STATICO,5000,24,256,20,0.648000,0.647000,0.650000,3.914800,6.04,2.592
NAIVE,STATICO,10000,1,1,10000,17.969400,17.966000,17.974000,15.566600,0.87,35.939
NAIVE,STATICO,10000,2,1,10000,9.214200,9.188000,9.240000,15.566600,1.69,18.428
NAIVE,STATICO,10000,4,1,10000,4.802000,4.782000,4.824000,15.566600,3.24,9.604
NAIVE,STATICO,10000,6,1,10000,3.618000,3.570000,3.722000,15.566600,4.30,7.236
NAIVE,STATICO,10000,8,1,10000,2.931200,2.917000,2.945000,15.566600,5.31,5.862
NAIVE,STATICO,10000,12,1,10000,2.138600,2.119000,2.164000,15.566600,7.28,4.277
NAIVE,STATICO,10000,18,1,10000,2.515600,2.501000,2.534000,15.566600,6.19,5.031
NAIVE,STATICO,10000,24,1,10000,2.300800,2.282000,2.314000,15.566600,6.77,4.602
NAIVE,STATICO,10000,1,8,1250,17.997600,17.982000,18.017000,15.566600,0.86,35.995
NAIVE,STATICO,10000,2,8,1250,9.181000,9.152000,9.214000,15.566600,1.70,18.362
NAIVE,STATICO,10000,4,8,1250,4.809200,4.782000,4.824000,15.566600,3.24,9.618
NAIVE,STATICO,10000,6,8,1250,3.587000,3.564000,3.597000,15.566600,4.34,7.174
NAIVE,STATICO,10000,8,8,1250,2.931600,2.915000,2.969000,15.566600,5.31,5.863
NAIVE,STATICO,10000,12,8,1250,2.137400,2.114000,2.175000,15.566600,7.28,4.275
NAIVE,STATICO,10000,18,8,1250,2.505400,2.486000,2.518000,15.566600,6.21,5.011
NAIVE,STATICO,10000,24,8,1250,2.397000,2.290000,2.555000,15.566600,6.49,4.794
NAIVE,STATICO,10000,1,32,313,18.379600,18.268000,18.575000,15.566600,0.85,36.759
NAIVE,STATICO,10000,2,32,313,9.486000,9.349000,9.640000,15.566600,1.64,18.972
NAIVE,STATICO,10000,4,32,313,4.907400,4.803000,5.092000,15.566600,3.17,9.815
NAIVE,STATICO,10000,6,32,313,3.594400,3.567000,3.616000,15.566600,4.33,7.189
NAIVE,STATICO,10000,8,32,313,2.918000,2.911000,2.922000,15.566600,5.33,5.836
NAIVE,STATICO,10000,12,32,313,2.161800,2.139000,2.214000,15.566600,7.20,4.324
NAIVE,STATICO,10000,18,32,313,2.519400,2.499000,2.532000,15.566600,6.18,5.039
NAIVE,STATICO,10000,24,32,313,2.283600,2.248000,2.310000,15.566600,6.82,4.567
NAIVE,STATICO,10000,1,64,157,18.032400,18.021000,18.044000,15.566600,0.86,36.065
NAIVE,STATICO,10000,2,64,157,9.195800,9.170000,9.236000,15.566600,1.69,18.392
NAIVE,STATICO,10000,4,64,157,4.801400,4.775000,4.818000,15.566600,3.24,9.603
NAIVE,STATICO,10000,6,64,157,3.586200,3.571000,3.608000,15.566600,4.34,7.172
NAIVE,STATICO,10000,8,64,157,2.940800,2.930000,2.952000,15.566600,5.29,5.882
NAIVE,STATICO,10000,12,64,157,2.107400,2.101000,2.118000,15.566600,7.39,4.215
NAIVE,STATICO,10000,18,64,157,2.503000,2.476000,2.525000,15.566600,6.22,5.006
NAIVE,STATICO,10000,24,64,157,2.303800,2.295000,2.313000,15.566600,6.76,4.608
NAIVE,STATICO,10000,1,128,79,17.945600,17.924000,17.969000,15.566600,0.87,35.891
NAIVE,STATICO,10000,2,128,79,9.201000,9.178000,9.228000,15.566600,1.69,18.402
NAIVE,STATICO,10000,4,128,79,4.867200,4.841000,4.884000,15.566600,3.20,9.734
NAIVE,STATICO,10000,6,128,79,3.554600,3.520000,3.593000,15.566600,4.38,7.109
NAIVE,STATICO,10000,8,128,79,2.953800,2.942000,2.967000,15.566600,5.27,5.908
NAIVE,STATICO,10000,12,128,79,2.222000,2.209000,2.238000,15.566600,7.01,4.444
NAIVE,STATICO,10000,18,128,79,2.589200,2.567000,2.647000,15.566600,6.01,5.178
NAIVE,STATICO,10000,24,128,79,2.371800,2.353000,2.384000,15.566600,6.56,4.744
NAIVE,STATICO,10000,1,256,40,17.946800,17.934000,17.958000,15.566600,0.87,35.894
NAIVE,STATICO,10000,2,256,40,9.423400,9.395000,9.441000,15.566600,1.65,18.847
NAIVE,STATICO,10000,4,256,40,4.919200,4.883000,4.960000,15.566600,3.16,9.838
NAIVE,STATICO,10000,6,256,40,3.698800,3.667000,3.721000,15.566600,4.21,7.398
NAIVE,STATICO,10000,8,256,40,2.962000,2.949000,2.976000,15.566600,5.26,5.924
NAIVE,STATICO,10000,12,256,40,2.414400,2.398000,2.444000,15.566600,6.45,4.829
NAIVE,STATICO,10000,18,256,40,2.767200,2.709000,2.790000,15.566600,5.63,5.534
NAIVE,STATICO,10000,24,256,40,2.430800,2.415000,2.443000,15.566600,6.40,4.862
NAIVE,STATICO,20000,1,1,20000,71.230400,71.125000,71.461000,61.761400,0.87,71.230
NAIVE,STATICO,20000,2,1,20000,36.670200,36.613000,36.781000,61.761400,1.68,36.670
NAIVE,STATICO,20000,4,1,20000,19.054800,19.002000,19.104000,61.761400,3.24,19.055
NAIVE,STATICO,20000,6,1,20000,13.863200,13.826000,13.927000,61.761400,4.46,13.863
NAIVE,STATICO,20000,8,1,20000,11.357000,11.329000,11.390000,61.761400,5.44,11.357
NAIVE,STATICO,20000,12,1,20000,8.282800,8.253000,8.305000,61.761400,7.46,8.283
NAIVE,STATICO,20000,18,1,20000,9.152400,9.130000,9.192000,61.761400,6.75,9.152
NAIVE,STATICO,20000,24,1,20000,8.956600,8.908000,9.027000,61.761400,6.90,8.957
NAIVE,STATICO,20000,1,8,2500,71.463400,71.367000,71.618000,61.761400,0.86,71.463
NAIVE,STATICO,20000,2,8,2500,36.658800,36.612000,36.739000,61.761400,1.68,36.659
NAIVE,STATICO,20000,4,8,2500,18.956400,18.938000,18.998000,61.761400,3.26,18.956
NAIVE,STATICO,20000,6,8,2500,13.832400,13.819000,13.857000,61.761400,4.46,13.832
NAIVE,STATICO,20000,8,8,2500,11.331400,11.309000,11.349000,61.761400,5.45,11.331
NAIVE,STATICO,20000,12,8,2500,8.309800,8.232000,8.462000,61.761400,7.43,8.310
NAIVE,STATICO,20000,18,8,2500,8.925800,8.882000,8.965000,61.761400,6.92,8.926
NAIVE,STATICO,20000,24,8,2500,8.866600,8.847000,8.883000,61.761400,6.97,8.867
NAIVE,STATICO,20000,1,32,625,71.464400,71.293000,71.653000,61.761400,0.86,71.464
NAIVE,STATICO,20000,2,32,625,36.556000,36.513000,36.594000,61.761400,1.69,36.556
NAIVE,STATICO,20000,4,32,625,18.948400,18.887000,19.041000,61.761400,3.26,18.948
NAIVE,STATICO,20000,6,32,625,13.895000,13.821000,14.012000,61.761400,4.44,13.895
NAIVE,STATICO,20000,8,32,625,11.362200,11.332000,11.397000,61.761400,5.44,11.362
NAIVE,STATICO,20000,12,32,625,8.398800,8.289000,8.498000,61.761400,7.35,8.399
NAIVE,STATICO,20000,18,32,625,9.035600,8.994000,9.062000,61.761400,6.84,9.036
NAIVE,STATICO,20000,24,32,625,8.934400,8.868000,9.019000,61.761400,6.91,8.934
NAIVE,STATICO,20000,1,64,313,72.064400,71.697000,72.805000,61.761400,0.86,72.064
NAIVE,STATICO,20000,2,64,313,37.938600,36.752000,41.138000,61.761400,1.63,37.939
NAIVE,STATICO,20000,4,64,313,19.032600,18.998000,19.087000,61.761400,3.25,19.033
NAIVE,STATICO,20000,6,64,313,13.858200,13.823000,13.902000,61.761400,4.46,13.858
NAIVE,STATICO,20000,8,64,313,11.337200,11.317000,11.354000,61.761400,5.45,11.337
NAIVE,STATICO,20000,12,64,313,8.306400,8.274000,8.399000,61.761400,7.44,8.306
NAIVE,STATICO,20000,18,64,313,9.038600,8.994000,9.080000,61.761400,6.83,9.039
NAIVE,STATICO,20000,24,64,313,8.891600,8.846000,8.914000,61.761400,6.95,8.892
NAIVE,STATICO,20000,1,128,157,71.509400,71.276000,71.775000,61.761400,0.86,71.509
NAIVE,STATICO,20000,2,128,157,36.639600,36.579000,36.700000,61.761400,1.69,36.640
NAIVE,STATICO,20000,4,128,157,19.037800,19.014000,19.058000,61.761400,3.24,19.038
NAIVE,STATICO,20000,6,128,157,13.848800,13.790000,13.927000,61.761400,4.46,13.849
NAIVE,STATICO,20000,8,128,157,11.488800,11.456000,11.507000,61.761400,5.38,11.489
NAIVE,STATICO,20000,12,128,157,8.302200,8.270000,8.351000,61.761400,7.44,8.302
NAIVE,STATICO,20000,18,128,157,9.136400,9.089000,9.272000,61.761400,6.76,9.136
NAIVE,STATICO,20000,24,128,157,9.016400,8.985000,9.051000,61.761400,6.85,9.016
NAIVE,STATICO,20000,1,256,79,71.484400,71.364000,71.688000,61.761400,0.86,71.484
NAIVE,STATICO,20000,2,256,79,36.636200,36.540000,36.733000,61.761400,1.69,36.636
NAIVE,STATICO,20000,4,256,79,19.307400,19.222000,19.416000,61.761400,3.20,19.307
NAIVE,STATICO,20000,6,256,79,13.811400,13.723000,13.902000,61.761400,4.47,13.811
NAIVE,STATICO,20000,8,256,79,11.477600,11.455000,11.503000,61.761400,5.38,11.478
NAIVE,STATICO,20000,12,256,79,8.716000,8.678000,8.837000,61.761400,7.09,8.716
NAIVE,STATICO,20000,18,256,79,9.421600,9.365000,9.515000,61.761400,6.56,9.422
NAIVE,STATICO,20000,24,256,79,9.149800,9.115000,9.214000,61.761400,6.75,9.150
NAIVE,DINAMICO,2000,1,1,2000,0.744800,0.742000,0.747000,0.641400,0.86,7.448
NAIVE,DINAMICO,2000,2,1,2000,0.405400,0.404000,0.406000,0.641400,1.58,4.054
NAIVE,DINAMICO,2000,4,1,2000,0.206800,0.206000,0.208000,0.641400,3.10,2.068
NAIVE,DINAMICO,2000,6,1,2000,0.143800,0.143000,0.145000,0.641400,4.46,1.438
NAIVE,DINAMICO,2000,8,1,2000,0.122800,0.122000,0.124000,0.641400,5.22,1.228
NAIVE,DINAMICO,2000,12,1,2000,0.098400,0.097000,0.099000,0.641400,6.52,0.984
NAIVE,DINAMICO,2000,18,1,2000,0.105600,0.105000,0.106000,0.641400,6.07,1.056
NAIVE,DINAMICO,2000,24,1,2000,0.111000,0.110000,0.112000,0.641400,5.78,1.110
NAIVE,DINAMICO,2000,1,8,250,0.737800,0.735000,0.742000,0.641400,0.87,7.378
NAIVE,DINAMICO,2000,2,8,250,0.393000,0.392000,0.394000,0.641400,1.63,3.930
NAIVE,DINAMICO,2000,4,8,250,0.198200,0.197000,0.199000,0.641400,3.24,1.982
NAIVE,DINAMICO,2000,6,8,250,0.139400,0.137000,0.141000,0.641400,4.60,1.394
NAIVE,DINAMICO,2000,8,8,250,0.120400,0.119000,0.121000,0.641400,5.33,1.204
NAIVE,DINAMICO,2000,12,8,250,0.098600,0.098000,0.099000,0.641400,6.51,0.986
NAIVE,DINAMICO,2000,18,8,250,0.103800,0.103000,0.105000,0.641400,6.18,1.038
NAIVE,DINAMICO,2000,24,8,250,0.109000,0.108000,0.110000,0.641400,5.88,1.090
NAIVE,DINAMICO,2000,1,32,63,0.735000,0.733000,0.737000,0.641400,0.87,7.350
NAIVE,DINAMICO,2000,2,32,63,0.394800,0.393000,0.397000,0.641400,1.62,3.948
NAIVE,DINAMICO,2000,4,32,63,0.201800,0.201000,0.203000,0.641400,3.18,2.018
NAIVE,DINAMICO,2000,6,32,63,0.144400,0.144000,0.145000,0.641400,4.44,1.444
NAIVE,DINAMICO,2000,8,32,63,0.123400,0.123000,0.125000,0.641400,5.20,1.234
NAIVE,DINAMICO,2000,12,32,63,0.106400,0.106000,0.107000,0.641400,6.03,1.064
NAIVE,DINAMICO,2000,18,32,63,0.112000,0.111000,0.113000,0.641400,5.73,1.120
NAIVE,DINAMICO,2000,24,32,63,0.117200,0.117000,0.118000,0.641400,5.47,1.172
NAIVE,DINAMICO,2000,1,64,32,0.734600,0.730000,0.742000,0.641400,0.87,7.346
NAIVE,DINAMICO,2000,2,64,32,0.393000,0.392000,0.394000,0.641400,1.63,3.930
NAIVE,DINAMICO,2000,4,64,32,0.202800,0.202000,0.203000,0.641400,3.16,2.028
NAIVE,DINAMICO,2000,6,64,32,0.155400,0.155000,0.156000,0.641400,4.13,1.554
NAIVE,DINAMICO,2000,8,64,32,0.137800,0.137000,0.139000,0.641400,4.65,1.378
NAIVE,DINAMICO,2000,12,64,32,0.109600,0.109000,0.111000,0.641400,5.85,1.096
NAIVE,DINAMICO,2000,18,64,32,0.114800,0.114000,0.115000,0.641400,5.59,1.148
NAIVE,DINAMICO,2000,24,64,32,0.120200,0.120000,0.121000,0.641400,5.34,1.202
NAIVE,DINAMICO,2000,1,128,16,0.733200,0.729000,0.737000,0.641400,0.87,7.332
NAIVE,DINAMICO,2000,2,128,16,0.393400,0.392000,0.394000,0.641400,1.63,3.934
NAIVE,DINAMICO,2000,4,128,16,0.202000,0.201000,0.203000,0.641400,3.18,2.020
NAIVE,DINAMICO,2000,6,128,16,0.156800,0.156000,0.158000,0.641400,4.09,1.568
NAIVE,DINAMICO,2000,8,128,16,0.137600,0.137000,0.139000,0.641400,4.66,1.376
NAIVE,DINAMICO,2000,12,128,16,0.132600,0.132000,0.134000,0.641400,4.84,1.326
NAIVE,DINAMICO,2000,18,128,16,0.137400,0.136000,0.139000,0.641400,4.67,1.374
NAIVE,DINAMICO,2000,24,128,16,0.142400,0.141000,0.143000,0.641400,4.50,1.424
NAIVE,DINAMICO,2000,1,256,8,0.735600,0.730000,0.741000,0.641400,0.87,7.356
NAIVE,DINAMICO,2000,2,256,8,0.393800,0.393000,0.396000,0.641400,1.63,3.938
NAIVE,DINAMICO,2000,4,256,8,0.204600,0.203000,0.205000,0.641400,3.13,2.046
NAIVE,DINAMICO,2000,6,256,8,0.205600,0.204000,0.207000,0.641400,3.12,2.056
NAIVE,DINAMICO,2000,8,256,8,0.138200,0.138000,0.139000,0.641400,4.64,1.382
NAIVE,DINAMICO,2000,12,256,8,0.141000,0.140000,0.143000,0.641400,4.55,1.410
NAIVE,DINAMICO,2000,18,256,8,0.146200,0.145000,0.147000,0.641400,4.39,1.462
NAIVE,DINAMICO,2000,24,256,8,0.151000,0.150000,0.152000,0.641400,4.25,1.510
NAIVE,DINAMICO,5000,1,1,5000,4.542000,4.538000,4.547000,3.921000,0.86,18.168
NAIVE,DINAMICO,5000,2,1,5000,2.349800,2.347000,2.354000,3.921000,1.67,9.399
NAIVE,DINAMICO,5000,4,1,5000,1.213200,1.208000,1.228000,3.921000,3.23,4.853
NAIVE,DINAMICO,5000,6,1,5000,0.851400,0.848000,0.855000,3.921000,4.61,3.406
NAIVE,DINAMICO,5000,8,1,5000,0.704200,0.701000,0.707000,3.921000,5.57,2.817
NAIVE,DINAMICO,5000,12,1,5000,0.536400,0.535000,0.539000,3.921000,7.31,2.146
NAIVE,DINAMICO,5000,18,1,5000,0.543000,0.541000,0.544000,3.921000,7.22,2.172
NAIVE,DINAMICO,5000,24,1,5000,0.548200,0.547000,0.551000,3.921000,7.15,2.193
NAIVE,DINAMICO,5000,1,8,625,4.527600,4.519000,4.535000,3.921000,0.87,18.110
NAIVE,DINAMICO,5000,2,8,625,2.316600,2.309000,2.327000,3.921000,1.69,9.266
NAIVE,DINAMICO,5000,4,8,625,1.193000,1.179000,1.201000,3.921000,3.29,4.772
NAIVE,DINAMICO,5000,6,8,625,0.848000,0.843000,0.854000,3.921000,4.62,3.392
NAIVE,DINAMICO,5000,8,8,625,0.695600,0.694000,0.697000,3.921000,5.64,2.782
NAIVE,DINAMICO,5000,12,8,625,0.533200,0.532000,0.535000,3.921000,7.35,2.133
NAIVE,DINAMICO,5000,18,8,625,0.539000,0.538000,0.540000,3.921000,7.27,2.156
NAIVE,DINAMICO,5000,24,8,625,0.544800,0.543000,0.546000,3.921000,7.20,2.179
NAIVE,DINAMICO,5000,1,32,157,4.532200,4.523000,4.552000,3.921000,0.87,18.129
NAIVE,DINAMICO,5000,2,32,157,2.318000,2.312000,2.322000,3.921000,1.69,9.272
NAIVE,DINAMICO,5000,4,32,157,1.198000,1.192000,1.201000,3.921000,3.27,4.792
NAIVE,DINAMICO,5000,6,32,157,0.847800,0.846000,0.850000,3.921000,4.62,3.391
NAIVE,DINAMICO,5000,8,32,157,0.711200,0.702000,0.738000,3.921000,5.51,2.845
NAIVE,DINAMICO,5000,12,32,157,0.538400,0.537000,0.540000,3.921000,7.28,2.154
NAIVE,DINAMICO,5000,18,32,157,0.545000,0.544000,0.548000,3.921000,7.19,2.180
NAIVE,DINAMICO,5000,24,32,157,0.551600,0.550000,0.553000,3.921000,7.11,2.206
NAIVE,DINAMICO,5000,1,64,79,4.538000,4.527000,4.565000,3.921000,0.86,18.152
NAIVE,DINAMICO,5000,2,64,79,2.323000,2.312000,2.335000,3.921000,1.69,9.292
NAIVE,DINAMICO,5000,4,64,79,1.215200,1.209000,1.233000,3.921000,3.23,4.861
NAIVE,DINAMICO,5000,6,64,79,0.859400,0.856000,0.862000,3.921000,4.56,3.438
NAIVE,DINAMICO,5000,8,64,79,0.716200,0.715000,0.719000,3.921000,5.47,2.865
NAIVE,DINAMICO,5000,12,64,79,0.579600,0.565000,0.602000,3.921000,6.77,2.318
NAIVE,DINAMICO,5000,18,64,79,0.585000,0.567000,0.654000,3.921000,6.70,2.340
NAIVE,DINAMICO,5000,24,64,79,0.573600,0.571000,0.576000,3.921000,6.84,2.294
NAIVE,DINAMICO,5000,1,128,40,4.529800,4.523000,4.540000,3.921000,0.87,18.119
NAIVE,DINAMICO,5000,2,128,40,2.393000,2.366000,2.419000,3.921000,1.64,9.572
NAIVE,DINAMICO,5000,4,128,40,1.236600,1.231000,1.242000,3.921000,3.17,4.946
NAIVE,DINAMICO,5000,6,128,40,0.882200,0.876000,0.888000,3.921000,4.44,3.529
NAIVE,DINAMICO,5000,8,128,40,0.746600,0.743000,0.749000,3.921000,5.25,2.986
NAIVE,DINAMICO,5000,12,128,40,0.624000,0.622000,0.628000,3.921000,6.28,2.496
NAIVE,DINAMICO,5000,18,128,40,0.617400,0.615000,0.620000,3.921000,6.35,2.470
NAIVE,DINAMICO,5000,24,128,40,0.620000,0.618000,0.622000,3.921000,6.32,2.480
NAIVE,DINAMICO,5000,1,256,20,4.534000,4.525000,4.544000,3.921000,0.86,18.136
NAIVE,DINAMICO,5000,2,256,20,2.372400,2.362000,2.382000,3.921000,1.65,9.490
NAIVE,DINAMICO,5000,4,256,20,1.261600,1.237000,1.281000,3.921000,3.11,5.046
NAIVE,DINAMICO,5000,6,256,20,0.970000,0.969000,0.971000,3.921000,4.04,3.880
NAIVE,DINAMICO,5000,8,256,20,0.802200,0.797000,0.805000,3.921000,4.89,3.209
NAIVE,DINAMICO,5000,12,256,20,0.639000,0.636000,0.642000,3.921000,6.14,2.556
NAIVE,DINAMICO,5000,18,256,20,0.641000,0.641000,0.641000,3.921000,6.12,2.564
NAIVE,DINAMICO,5000,24,256,20,0.645400,0.645000,0.647000,3.921000,6.08,2.582
NAIVE,DINAMICO,10000,1,1,10000,18.047400,18.011000,18.113000,15.557800,0.86,36.095
NAIVE,DINAMICO,10000,2,1,10000,9.485000,9.401000,9.612000,15.557800,1.64,18.970
NAIVE,DINAMICO,10000,4,1,10000,4.963200,4.921000,5.029000,15.557800,3.13,9.926
NAIVE,DINAMICO,10000,6,1,10000,3.622800,3.529000,3.773000,15.557800,4.29,7.246
NAIVE,DINAMICO,10000,8,1,10000,2.852200,2.841000,2.880000,15.557800,5.45,5.704
NAIVE,DINAMICO,10000,12,1,10000,2.234800,2.214000,2.256000,15.557800,6.96,4.470
NAIVE,DINAMICO,10000,18,1,10000,2.176200,2.136000,2.283000,15.557800,7.15,4.352
NAIVE,DINAMICO,10000,24,1,10000,2.136600,2.127000,2.151000,15.557800,7.28,4.273
NAIVE,DINAMICO,10000,1,8,1250,18.092000,18.002000,18.412000,15.557800,0.86,36.184
NAIVE,DINAMICO,10000,2,8,1250,9.189000,9.169000,9.226000,15.557800,1.69,18.378
NAIVE,DINAMICO,10000,4,8,1250,4.774200,4.745000,4.804000,15.557800,3.26,9.548
NAIVE,DINAMICO,10000,6,8,1250,3.372200,3.355000,3.384000,15.557800,4.61,6.744
NAIVE,DINAMICO,10000,8,8,1250,2.798200,2.756000,2.931000,15.557800,5.56,5.596
NAIVE,DINAMICO,10000,12,8,1250,2.069000,2.066000,2.074000,15.557800,7.52,4.138
NAIVE,DINAMICO,10000,18,8,1250,2.072800,2.071000,2.077000,15.557800,7.51,4.146
NAIVE,DINAMICO,10000,24,8,1250,2.078600,2.076000,2.080000,15.557800,7.48,4.157
NAIVE,DINAMICO,10000,1,32,313,17.990200,17.973000,18.018000,15.557800,0.86,35.980
NAIVE,DINAMICO,10000,2,32,313,9.218800,9.209000,9.233000,15.557800,1.69,18.438
NAIVE,DINAMICO,10000,4,32,313,4.756000,4.742000,4.772000,15.557800,3.27,9.512
NAIVE,DINAMICO,10000,6,32,313,3.380200,3.366000,3.401000,15.557800,4.60,6.760
NAIVE,DINAMICO,10000,8,32,313,2.783000,2.766000,2.842000,15.557800,5.59,5.566
NAIVE,DINAMICO,10000,12,32,313,2.084000,2.081000,2.086000,15.557800,7.47,4.168
NAIVE,DINAMICO,10000,18,32,313,2.090200,2.088000,2.093000,15.557800,7.44,4.180
NAIVE,DINAMICO,10000,24,32,313,2.100200,2.094000,2.111000,15.557800,7.41,4.200
NAIVE,DINAMICO,10000,1,64,157,17.979400,17.963000,18.004000,15.557800,0.87,35.959
NAIVE,DINAMICO,10000,2,64,157,9.212200,9.184000,9.256000,15.557800,1.69,18.424
NAIVE,DINAMICO,10000,4,64,157,4.771400,4.767000,4.779000,15.557800,3.26,9.543
NAIVE,DINAMICO,10000,6,64,157,3.400600,3.397000,3.413000,15.557800,4.58,6.801
NAIVE,DINAMICO,10000,8,64,157,2.792000,2.783000,2.800000,15.557800,5.57,5.584
NAIVE,DINAMICO,10000,12,64,157,2.089600,2.087000,2.095000,15.557800,7.45,4.179
NAIVE,DINAMICO,10000,18,64,157,2.114400,2.107000,2.128000,15.557800,7.36,4.229
NAIVE,DINAMICO,10000,24,64,157,2.118000,2.114000,2.121000,15.557800,7.35,4.236
NAIVE,DINAMICO,10000,1,128,79,17.989400,17.982000,18.003000,15.557800,0.86,35.979
NAIVE,DINAMICO,10000,2,128,79,9.214200,9.183000,9.256000,15.557800,1.69,18.428
NAIVE,DINAMICO,10000,4,128,79,4.811200,4.793000,4.827000,15.557800,3.23,9.622
NAIVE,DINAMICO,10000,6,128,79,3.463800,3.443000,3.499000,15.557800,4.49,6.928
NAIVE,DINAMICO,10000,8,128,79,2.841200,2.836000,2.847000,15.557800,5.48,5.682
NAIVE,DINAMICO,10000,12,128,79,2.191000,2.189000,2.193000,15.557800,7.10,4.382
NAIVE,DINAMICO,10000,18,128,79,2.169400,2.163000,2.176000,15.557800,7.17,4.339
NAIVE,DINAMICO,10000,24,128,79,2.169200,2.168000,2.171000,15.557800,7.17,4.338
NAIVE,DINAMICO,10000,1,256,40,17.977800,17.960000,17.993000,15.557800,0.87,35.956
NAIVE,DINAMICO,10000,2,256,40,9.368200,9.350000,9.394000,15.557800,1.66,18.736
NAIVE,DINAMICO,10000,4,256,40,4.892000,4.872000,4.909000,15.557800,3.18,9.784
NAIVE,DINAMICO,10000,6,256,40,3.553600,3.527000,3.587000,15.557800,4.38,7.107
NAIVE,DINAMICO,10000,8,256,40,2.917800,2.915000,2.922000,15.557800,5.33,5.836
NAIVE,DINAMICO,10000,12,256,40,2.411400,2.402000,2.418000,15.557800,6.45,4.823
NAIVE,DINAMICO,10000,18,256,40,2.302000,2.289000,2.323000,15.557800,6.76,4.604
NAIVE,DINAMICO,10000,24,256,40,2.297200,2.287000,2.310000,15.557800,6.77,4.594
NAIVE,DINAMICO,20000,1,1,20000,71.307200,71.238000,71.358000,62.081600,0.87,71.307
NAIVE,DINAMICO,20000,2,1,20000,36.637800,36.535000,36.745000,62.081600,1.69,36.638
NAIVE,DINAMICO,20000,4,1,20000,18.888600,18.867000,18.900000,62.081600,3.29,18.889
NAIVE,DINAMICO,20000,6,1,20000,13.481200,13.462000,13.527000,62.081600,4.61,13.481
NAIVE,DINAMICO,20000,8,1,20000,11.023400,11.008000,11.056000,62.081600,5.63,11.023
NAIVE,DINAMICO,20000,12,1,20000,8.206200,8.199000,8.215000,62.081600,7.57,8.206
NAIVE,DINAMICO,20000,18,1,20000,8.240200,8.214000,8.266000,62.081600,7.53,8.240
NAIVE,DINAMICO,20000,24,1,20000,8.247800,8.230000,8.268000,62.081600,7.53,8.248
NAIVE,DINAMICO,20000,1,8,2500,71.499000,71.390000,71.693000,62.081600,0.87,71.499
NAIVE,DINAMICO,20000,2,8,2500,36.577600,36.520000,36.682000,62.081600,1.70,36.578
NAIVE,DINAMICO,20000,4,8,2500,18.928400,18.841000,18.984000,62.081600,3.28,18.928
NAIVE,DINAMICO,20000,6,8,2500,13.439600,13.427000,13.477000,62.081600,4.62,13.440
NAIVE,DINAMICO,20000,8,8,2500,10.976400,10.947000,11.022000,62.081600,5.66,10.976
NAIVE,DINAMICO,20000,12,8,2500,8.189200,8.177000,8.208000,62.081600,7.58,8.189
NAIVE,DINAMICO,20000,18,8,2500,8.217600,8.197000,8.285000,62.081600,7.55,8.218
NAIVE,DINAMICO,20000,24,8,2500,8.226800,8.207000,8.276000,62.081600,7.55,8.227
NAIVE,DINAMICO,20000,1,32,625,71.914400,71.431000,72.873000,62.081600,0.86,71.914
NAIVE,DINAMICO,20000,2,32,625,36.847000,36.525000,37.445000,62.081600,1.68,36.847
NAIVE,DINAMICO,20000,4,32,625,18.871400,18.839000,18.906000,62.081600,3.29,18.871
NAIVE,DINAMICO,20000,6,32,625,13.470800,13.440000,13.534000,62.081600,4.61,13.471
NAIVE,DINAMICO,20000,8,32,625,11.037800,11.001000,11.064000,62.081600,5.62,11.038
NAIVE,DINAMICO,20000,12,32,625,8.242400,8.236000,8.247000,62.081600,7.53,8.242
NAIVE,DINAMICO,20000,18,32,625,8.242200,8.231000,8.260000,62.081600,7.53,8.242
NAIVE,DINAMICO,20000,24,32,625,8.265800,8.249000,8.307000,62.081600,7.51,8.266
NAIVE,DINAMICO,20000,1,64,313,71.507400,71.304000,71.822000,62.081600,0.87,71.507
NAIVE,DINAMICO,20000,2,64,313,36.577000,36.488000,36.659000,62.081600,1.70,36.577
NAIVE,DINAMICO,20000,4,64,313,18.846200,18.748000,18.919000,62.081600,3.29,18.846
NAIVE,DINAMICO,20000,6,64,313,13.519800,13.433000,13.628000,62.081600,4.59,13.520
NAIVE,DINAMICO,20000,8,64,313,11.027200,10.998000,11.071000,62.081600,5.63,11.027
NAIVE,DINAMICO,20000,12,64,313,8.253000,8.246000,8.262000,62.081600,7.52,8.253
NAIVE,DINAMICO,20000,18,64,313,8.279800,8.273000,8.292000,62.081600,7.50,8.280
NAIVE,DINAMICO,20000,24,64,313,8.315400,8.291000,8.345000,62.081600,7.47,8.315
NAIVE,DINAMICO,20000,1,128,157,71.433800,71.231000,71.682000,62.081600,0.87,71.434
NAIVE,DINAMICO,20000,2,128,157,36.621600,36.567000,36.673000,62.081600,1.70,36.622
NAIVE,DINAMICO,20000,4,128,157,18.869200,18.816000,18.916000,62.081600,3.29,18.869
NAIVE,DINAMICO,20000,6,128,157,13.551600,13.515000,13.592000,62.081600,4.58,13.552
NAIVE,DINAMICO,20000,8,128,157,11.116000,11.090000,11.153000,62.081600,5.58,11.116
NAIVE,DINAMICO,20000,12,128,157,8.262000,8.247000,8.289000,62.081600,7.51,8.262
NAIVE,DINAMICO,20000,18,128,157,8.336000,8.315000,8.346000,62.081600,7.45,8.336
NAIVE,DINAMICO,20000,24,128,157,8.371600,8.363000,8.382000,62.081600,7.42,8.372
NAIVE,DINAMICO,20000,1,256,79,71.464000,71.246000,71.731000,62.081600,0.87,71.464
NAIVE,DINAMICO,20000,2,256,79,36.651600,36.604000,36.705000,62.081600,1.69,36.652
NAIVE,DINAMICO,20000,4,256,79,19.036800,18.971000,19.086000,62.081600,3.26,19.037
NAIVE,DINAMICO,20000,6,256,79,13.707000,13.676000,13.771000,62.081600,4.53,13.707
NAIVE,DINAMICO,20000,8,256,79,11.286000,11.274000,11.300000,62.081600,5.50,11.286
NAIVE,DINAMICO,20000,12,256,79,8.629800,8.620000,8.642000,62.081600,7.19,8.630
NAIVE,DINAMICO,20000,18,256,79,8.549600,8.538000,8.559000,62.081600,7.26,8.550
NAIVE,DINAMICO,20000,24,256,79,8.545800,8.520000,8.565000,62.081600,7.26,8.546
SQUARED_DIST,STATICO,2000,1,1,2000,0.720000,0.719000,0.721000,0.665600,0.92,7.200
SQUARED_DIST,STATICO,2000,2,1,2000,0.395400,0.394000,0.396000,0.665600,1.68,3.954
SQUARED_DIST,STATICO,2000,4,1,2000,0.200600,0.199000,0.202000,0.665600,3.32,2.006
SQUARED_DIST,STATICO,2000,6,1,2000,0.142800,0.142000,0.143000,0.665600,4.66,1.428
SQUARED_DIST,STATICO,2000,8,1,2000,0.126800,0.126000,0.128000,0.665600,5.25,1.268
SQUARED_DIST,STATICO,2000,12,1,2000,0.092000,0.090000,0.093000,0.665600,7.23,0.920
SQUARED_DIST,STATICO,2000,18,1,2000,0.117800,0.117000,0.118000,0.665600,5.65,1.178
SQUARED_DIST,STATICO,2000,24,1,2000,0.102800,0.101000,0.107000,0.665600,6.47,1.028
SQUARED_DIST,STATICO,2000,1,8,250,0.722600,0.721000,0.724000,0.665600,0.92,7.226
SQUARED_DIST,STATICO,2000,2,8,250,0.387000,0.384000,0.389000,0.665600,1.72,3.870
SQUARED_DIST,STATICO,2000,4,8,250,0.198200,0.196000,0.199000,0.665600,3.36,1.982
SQUARED_DIST,STATICO,2000,6,8,250,0.141600,0.140000,0.143000,0.665600,4.70,1.416
SQUARED_DIST,STATICO,2000,8,8,250,0.127000,0.126000,0.128000,0.665600,5.24,1.270
SQUARED_DIST,STATICO,2000,12,8,250,0.094000,0.092000,0.096000,0.665600,7.08,0.940
SQUARED_DIST,STATICO,2000,18,8,250,0.120200,0.118000,0.122000,0.665600,5.54,1.202
SQUARED_DIST,STATICO,2000,24,8,250,0.107000,0.105000,0.108000,0.665600,6.22,1.070
SQUARED_DIST,STATICO,2000,1,32,63,0.718600,0.717000,0.721000,0.665600,0.93,7.186
SQUARED_DIST,STATICO,2000,2,32,63,0.389600,0.388000,0.395000,0.665600,1.71,3.896
SQUARED_DIST,STATICO,2000,4,32,63,0.200400,0.199000,0.202000,0.665600,3.32,2.004
SQUARED_DIST,STATICO,2000,6,32,63,0.145200,0.144000,0.146000,0.665600,4.58,1.452
SQUARED_DIST,STATICO,2000,8,32,63,0.128600,0.128000,0.129000,0.665600,5.18,1.286
SQUARED_DIST,STATICO,2000,12,32,63,0.103800,0.101000,0.113000,0.665600,6.41,1.038
SQUARED_DIST,STATICO,2000,18,32,63,0.121000,0.120000,0.123000,0.665600,5.50,1.210
SQUARED_DIST,STATICO,2000,24,32,63,0.113200,0.112000,0.114000,0.665600,5.88,1.132
SQUARED_DIST,STATICO,2000,1,64,32,0.720800,0.717000,0.724000,0.665600,0.92,7.208
SQUARED_DIST,STATICO,2000,2,64,32,0.393200,0.391000,0.394000,0.665600,1.69,3.932
SQUARED_DIST,STATICO,2000,4,64,32,0.202800,0.201000,0.204000,0.665600,3.28,2.028
SQUARED_DIST,STATICO,2000,6,64,32,0.156800,0.156000,0.158000,0.665600,4.24,1.568
SQUARED_DIST,STATICO,2000,8,64,32,0.129200,0.129000,0.130000,0.665600,5.15,1.292
SQUARED_DIST,STATICO,2000,12,64,32,0.104000,0.104000,0.104000,0.665600,6.40,1.040
SQUARED_DIST,STATICO,2000,18,64,32,0.128400,0.127000,0.130000,0.665600,5.18,1.284
SQUARED_DIST,STATICO,2000,24,64,32,0.133400,0.132000,0.135000,0.665600,4.99,1.334
SQUARED_DIST,STATICO,2000,1,128,16,0.717800,0.716000,0.720000,0.665600,0.93,7.178
SQUARED_DIST,STATICO,2000,2,128,16,0.393200,0.392000,0.395000,0.665600,1.69,3.932
SQUARED_DIST,STATICO,2000,4,128,16,0.201000,0.199000,0.204000,0.665600,3.31,2.010
SQUARED_DIST,STATICO,2000,6,128,16,0.156000,0.155000,0.157000,0.665600,4.27,1.560
SQUARED_DIST,STATICO,2000,8,128,16,0.129000,0.128000,0.130000,0.665600,5.16,1.290
SQUARED_DIST,STATICO,2000,12,128,16,0.126600,0.126000,0.128000,0.665600,5.26,1.266
SQUARED_DIST,STATICO,2000,18,128,16,0.130800,0.130000,0.132000,0.665600,5.09,1.308
SQUARED_DIST,STATICO,2000,24,128,16,0.136000,0.135000,0.138000,0.665600,4.89,1.360
SQUARED_DIST,STATICO,2000,1,256,8,0.719400,0.717000,0.722000,0.665600,0.93,7.194
SQUARED_DIST,STATICO,2000,2,256,8,0.393800,0.391000,0.396000,0.665600,1.69,3.938
SQUARED_DIST,STATICO,2000,4,256,8,0.201600,0.201000,0.203000,0.665600,3.30,2.016
SQUARED_DIST,STATICO,2000,6,256,8,0.206600,0.205000,0.207000,0.665600,3.22,2.066
SQUARED_DIST,STATICO,2000,8,256,8,0.129400,0.128000,0.131000,0.665600,5.14,1.294
SQUARED_DIST,STATICO,2000,12,256,8,0.132600,0.132000,0.133000,0.665600,5.02,1.326
SQUARED_DIST,STATICO,2000,18,256,8,0.138600,0.138000,0.139000,0.665600,4.80,1.386
SQUARED_DIST,STATICO,2000,24,256,8,0.144200,0.144000,0.145000,0.665600,4.62,1.442
SQUARED_DIST,STATICO,5000,1,1,5000,4.441000,4.432000,4.448000,4.101000,0.92,17.764
SQUARED_DIST,STATICO,5000,2,1,5000,2.290600,2.283000,2.302000,4.101000,1.79,9.162
SQUARED_DIST,STATICO,5000,4,1,5000,1.201400,1.189000,1.215000,4.101000,3.41,4.806
SQUARED_DIST,STATICO,5000,6,1,5000,0.869800,0.864000,0.875000,4.101000,4.71,3.479
SQUARED_DIST,STATICO,5000,8,1,5000,0.716000,0.715000,0.717000,4.101000,5.73,2.864
SQUARED_DIST,STATICO,5000,12,1,5000,0.506200,0.499000,0.512000,4.101000,8.10,2.025
SQUARED_DIST,STATICO,5000,18,1,5000,0.640400,0.639000,0.642000,4.101000,6.40,2.562
SQUARED_DIST,STATICO,5000,24,1,5000,0.535800,0.533000,0.539000,4.101000,7.65,2.143
SQUARED_DIST,STATICO,5000,1,8,625,4.440800,4.430000,4.457000,4.101000,0.92,17.763
SQUARED_DIST,STATICO,5000,2,8,625,2.284800,2.275000,2.306000,4.101000,1.79,9.139
SQUARED_DIST,STATICO,5000,4,8,625,1.187800,1.180000,1.198000,4.101000,3.45,4.751
SQUARED_DIST,STATICO,5000,6,8,625,0.867000,0.861000,0.872000,4.101000,4.73,3.468
SQUARED_DIST,STATICO,5000,8,8,625,0.708400,0.707000,0.710000,4.101000,5.79,2.834
SQUARED_DIST,STATICO,5000,12,8,625,0.507600,0.501000,0.518000,4.101000,8.08,2.030
SQUARED_DIST,STATICO,5000,18,8,625,0.635600,0.633000,0.638000,4.101000,6.45,2.542
SQUARED_DIST,STATICO,5000,24,8,625,0.537200,0.533000,0.544000,4.101000,7.63,2.149
SQUARED_DIST,STATICO,5000,1,32,157,4.441800,4.431000,4.451000,4.101000,0.92,17.767
SQUARED_DIST,STATICO,5000,2,32,157,2.277400,2.267000,2.288000,4.101000,1.80,9.110
SQUARED_DIST,STATICO,5000,4,32,157,1.199000,1.181000,1.214000,4.101000,3.42,4.796
SQUARED_DIST,STATICO,5000,6,32,157,0.860000,0.856000,0.863000,4.101000,4.77,3.440
SQUARED_DIST,STATICO,5000,8,32,157,0.715000,0.714000,0.716000,4.101000,5.74,2.860
SQUARED_DIST,STATICO,5000,12,32,157,0.508400,0.501000,0.516000,4.101000,8.07,2.034
SQUARED_DIST,STATICO,5000,18,32,157,0.637200,0.632000,0.643000,4.101000,6.44,2.549
SQUARED_DIST,STATICO,5000,24,32,157,0.553200,0.550000,0.558000,4.101000,7.41,2.213
SQUARED_DIST,STATICO,5000,1,64,79,4.434600,4.428000,4.448000,4.101000,0.92,17.738
SQUARED_DIST,STATICO,5000,2,64,79,2.281000,2.275000,2.292000,4.101000,1.80,9.124
SQUARED_DIST,STATICO,5000,4,64,79,1.206400,1.201000,1.210000,4.101000,3.40,4.826
SQUARED_DIST,STATICO,5000,6,64,79,0.868800,0.863000,0.887000,4.101000,4.72,3.475
SQUARED_DIST,STATICO,5000,8,64,79,0.721200,0.718000,0.724000,4.101000,5.69,2.885
SQUARED_DIST,STATICO,5000,12,64,79,0.532600,0.528000,0.539000,4.101000,7.70,2.130
SQUARED_DIST,STATICO,5000,18,64,79,0.646600,0.644000,0.653000,4.101000,6.34,2.586
SQUARED_DIST,STATICO,5000,24,64,79,0.587000,0.585000,0.589000,4.101000,6.99,2.348
SQUARED_DIST,STATICO,5000,1,128,40,4.438200,4.430000,4.451000,4.101000,0.92,17.753
SQUARED_DIST,STATICO,5000,2,128,40,2.335000,2.330000,2.342000,4.101000,1.76,9.340
SQUARED_DIST,STATICO,5000,4,128,40,1.208600,1.198000,1.221000,4.101000,3.39,4.834
SQUARED_DIST,STATICO,5000,6,128,40,0.907200,0.903000,0.911000,4.101000,4.52,3.629
SQUARED_DIST,STATICO,5000,8,128,40,0.721400,0.720000,0.722000,4.101000,5.68,2.886
SQUARED_DIST,STATICO,5000,12,128,40,0.586200,0.578000,0.596000,4.101000,7.00,2.345
SQUARED_DIST,STATICO,5000,18,128,40,0.689000,0.686000,0.691000,4.101000,5.95,2.756
SQUARED_DIST,STATICO,5000,24,128,40,0.597400,0.596000,0.599000,4.101000,6.86,2.390
SQUARED_DIST,STATICO,5000,1,256,20,4.431200,4.424000,4.437000,4.101000,0.93,17.725
SQUARED_DIST,STATICO,5000,2,256,20,2.324000,2.320000,2.330000,4.101000,1.76,9.296
SQUARED_DIST,STATICO,5000,4,256,20,1.232800,1.216000,1.280000,4.101000,3.33,4.931
SQUARED_DIST,STATICO,5000,6,256,20,0.982800,0.976000,0.994000,4.101000,4.17,3.931
SQUARED_DIST,STATICO,5000,8,256,20,0.820000,0.815000,0.824000,4.101000,5.00,3.280
SQUARED_DIST,STATICO,5000,12,256,20,0.600400,0.594000,0.606000,4.101000,6.83,2.402
SQUARED_DIST,STATICO,5000,18,256,20,0.710000,0.696000,0.721000,4.101000,5.78,2.840
SQUARED_DIST,STATICO,5000,24,256,20,0.604200,0.603000,0.606000,4.101000,6.79,2.417
SQUARED_DIST,STATICO,10000,1,1,10000,17.573200,17.562000,17.591000,16.253400,0.92,35.146
SQUARED_DIST,STATICO,10000,2,1,10000,8.997400,8.974000,9.021000,16.253400,1.81,17.995
SQUARED_DIST,STATICO,10000,4,1,10000,4.716800,4.677000,4.738000,16.253400,3.45,9.434
SQUARED_DIST,STATICO,10000,6,1,10000,3.423400,3.410000,3.443000,16.253400,4.75,6.847
SQUARED_DIST,STATICO,10000,8,1,10000,2.748000,2.740000,2.756000,16.253400,5.91,5.496
SQUARED_DIST,STATICO,10000,12,1,10000,1.966200,1.955000,1.986000,16.253400,8.27,3.932
SQUARED_DIST,STATICO,10000,18,1,10000,2.374400,2.367000,2.384000,16.253400,6.85,4.749
SQUARED_DIST,STATICO,10000,24,1,10000,2.139000,2.127000,2.164000,16.253400,7.60,4.278
SQUARED_DIST,STATICO,10000,1,8,1250,17.583200,17.553000,17.626000,16.253400,0.92,35.166
SQUARED_DIST,STATICO,10000,2,8,1250,8.974600,8.967000,8.985000,16.253400,1.81,17.949
SQUARED_DIST,STATICO,10000,4,8,1250,4.671800,4.635000,4.701000,16.253400,3.48,9.344
SQUARED_DIST,STATICO,10000,6,8,1250,3.394400,3.373000,3.407000,16.253400,4.79,6.789
SQUARED_DIST,STATICO,10000,8,8,1250,2.735600,2.731000,2.744000,16.253400,5.94,5.471
SQUARED_DIST,STATICO,10000,12,8,1250,1.975400,1.948000,2.022000,16.253400,8.23,3.951
SQUARED_DIST,STATICO,10000,18,8,1250,2.356600,2.352000,2.368000,16.253400,6.90,4.713
SQUARED_DIST,STATICO,10000,24,8,1250,2.128000,2.109000,2.148000,16.253400,7.64,4.256
SQUARED_DIST,STATICO,10000,1,32,313,17.591600,17.561000,17.632000,16.253400,0.92,35.183
SQUARED_DIST,STATICO,10000,2,32,313,8.983400,8.975000,8.989000,16.253400,1.81,17.967
SQUARED_DIST,STATICO,10000,4,32,313,4.670400,4.641000,4.700000,16.253400,3.48,9.341
SQUARED_DIST,STATICO,10000,6,32,313,3.399800,3.394000,3.413000,16.253400,4.78,6.800
SQUARED_DIST,STATICO,10000,8,32,313,2.742200,2.735000,2.759000,16.253400,5.93,5.484
SQUARED_DIST,STATICO,10000,12,32,313,1.962200,1.951000,1.980000,16.253400,8.28,3.924
SQUARED_DIST,STATICO,10000,18,32,313,2.374400,2.365000,2.392000,16.253400,6.85,4.749
SQUARED_DIST,STATICO,10000,24,32,313,2.115200,2.106000,2.125000,16.253400,7.68,4.230
SQUARED_DIST,STATICO,10000,1,64,157,17.590600,17.577000,17.624000,16.253400,0.92,35.181
SQUARED_DIST,STATICO,10000,2,64,157,8.983800,8.975000,8.992000,16.253400,1.81,17.968
SQUARED_DIST,STATICO,10000,4,64,157,4.689400,4.664000,4.703000,16.253400,3.47,9.379
SQUARED_DIST,STATICO,10000,6,64,157,3.409000,3.376000,3.428000,16.253400,4.77,6.818
SQUARED_DIST,STATICO,10000,8,64,157,2.779200,2.762000,2.828000,16.253400,5.85,5.558
SQUARED_DIST,STATICO,10000,12,64,157,1.961800,1.951000,1.974000,16.253400,8.28,3.924
SQUARED_DIST,STATICO,10000,18,64,157,2.364600,2.345000,2.376000,16.253400,6.87,4.729
SQUARED_DIST,STATICO,10000,24,64,157,2.136200,2.119000,2.151000,16.253400,7.61,4.272
SQUARED_DIST,STATICO,10000,1,128,79,17.575600,17.552000,17.613000,16.253400,0.92,35.151
SQUARED_DIST,STATICO,10000,2,128,79,8.982400,8.967000,8.993000,16.253400,1.81,17.965
SQUARED_DIST,STATICO,10000,4,128,79,4.752200,4.737000,4.769000,16.253400,3.42,9.504
SQUARED_DIST,STATICO,10000,6,128,79,3.401400,3.393000,3.407000,16.253400,4.78,6.803
SQUARED_DIST,STATICO,10000,8,128,79,2.785800,2.777000,2.798000,16.253400,5.83,5.572
SQUARED_DIST,STATICO,10000,12,128,79,2.052600,2.045000,2.061000,16.253400,7.92,4.105
SQUARED_DIST,STATICO,10000,18,128,79,2.419400,2.392000,2.445000,16.253400,6.72,4.839
SQUARED_DIST,STATICO,10000,24,128,79,2.294000,2.206000,2.428000,16.253400,7.09,4.588
SQUARED_DIST,STATICO,10000,1,256,40,17.581800,17.547000,17.619000,16.253400,0.92,35.164
SQUARED_DIST,STATICO,10000,2,256,40,9.174600,9.161000,9.185000,16.253400,1.77,18.349
SQUARED_DIST,STATICO,10000,4,256,40,4.788600,4.727000,4.822000,16.253400,3.39,9.577
SQUARED_DIST,STATICO,10000,6,256,40,3.557800,3.544000,3.570000,16.253400,4.57,7.116
SQUARED_DIST,STATICO,10000,8,256,40,2.781400,2.777000,2.787000,16.253400,5.84,5.563
SQUARED_DIST,STATICO,10000,12,256,40,2.260600,2.245000,2.286000,16.253400,7.19,4.521
SQUARED_DIST,STATICO,10000,18,256,40,2.593000,2.529000,2.622000,16.253400,6.27,5.186
SQUARED_DIST,STATICO,10000,24,256,40,2.266400,2.260000,2.280000,16.253400,7.17,4.533
SQUARED_DIST,STATICO,20000,1,1,20000,69.873600,69.820000,69.934000,64.696600,0.93,69.874
SQUARED_DIST,STATICO,20000,2,1,20000,35.780800,35.760000,35.805000,64.696600,1.81,35.781
SQUARED_DIST,STATICO,20000,4,1,20000,18.532400,18.494000,18.559000,64.696600,3.49,18.532
SQUARED_DIST,STATICO,20000,6,1,20000,13.294800,13.233000,13.378000,64.696600,4.87,13.295
SQUARED_DIST,STATICO,20000,8,1,20000,10.706800,10.699000,10.719000,64.696600,6.04,10.707
SQUARED_DIST,STATICO,20000,12,1,20000,7.670600,7.655000,7.685000,64.696600,8.43,7.671
SQUARED_DIST,STATICO,20000,18,1,20000,8.684200,8.593000,8.734000,64.696600,7.45,8.684
SQUARED_DIST,STATICO,20000,24,1,20000,8.409800,8.366000,8.462000,64.696600,7.69,8.410
SQUARED_DIST,STATICO,20000,1,8,2500,69.892400,69.772000,70.159000,64.696600,0.93,69.892
SQUARED_DIST,STATICO,20000,2,8,2500,35.791000,35.724000,35.842000,64.696600,1.81,35.791
SQUARED_DIST,STATICO,20000,4,8,2500,18.485000,18.449000,18.511000,64.696600,3.50,18.485
SQUARED_DIST,STATICO,20000,6,8,2500,13.260800,13.204000,13.317000,64.696600,4.88,13.261
SQUARED_DIST,STATICO,20000,8,8,2500,10.682800,10.660000,10.713000,64.696600,6.06,10.683
SQUARED_DIST,STATICO,20000,12,8,2500,7.652600,7.645000,7.670000,64.696600,8.45,7.653
SQUARED_DIST,STATICO,20000,18,8,2500,8.450200,8.367000,8.505000,64.696600,7.66,8.450
SQUARED_DIST,STATICO,20000,24,8,2500,8.278600,8.259000,8.292000,64.696600,7.81,8.279
SQUARED_DIST,STATICO,20000,1,32,625,70.572800,69.821000,71.413000,64.696600,0.92,70.573
SQUARED_DIST,STATICO,20000,2,32,625,35.810800,35.697000,35.858000,64.696600,1.81,35.811
SQUARED_DIST,STATICO,20000,4,32,625,18.538400,18.488000,18.582000,64.696600,3.49,18.538
SQUARED_DIST,STATICO,20000,6,32,625,13.295600,13.231000,13.377000,64.696600,4.87,13.296
SQUARED_DIST,STATICO,20000,8,32,625,10.679800,10.673000,10.686000,64.696600,6.06,10.680
SQUARED_DIST,STATICO,20000,12,32,625,7.744200,7.671000,7.880000,64.696600,8.35,7.744
SQUARED_DIST,STATICO,20000,18,32,625,8.454800,8.416000,8.490000,64.696600,7.65,8.455
SQUARED_DIST,STATICO,20000,24,32,625,8.287400,8.252000,8.318000,64.696600,7.81,8.287
SQUARED_DIST,STATICO,20000,1,64,313,69.968200,69.753000,70.205000,64.696600,0.92,69.968
SQUARED_DIST,STATICO,20000,2,64,313,35.801200,35.766000,35.864000,64.696600,1.81,35.801
SQUARED_DIST,STATICO,20000,4,64,313,18.860200,18.607000,19.448000,64.696600,3.43,18.860
SQUARED_DIST,STATICO,20000,6,64,313,13.258600,13.195000,13.316000,64.696600,4.88,13.259
SQUARED_DIST,STATICO,20000,8,64,313,10.675200,10.665000,10.695000,64.696600,6.06,10.675
SQUARED_DIST,STATICO,20000,12,64,313,7.720200,7.686000,7.752000,64.696600,8.38,7.720
SQUARED_DIST,STATICO,20000,18,64,313,8.491000,8.439000,8.564000,64.696600,7.62,8.491
SQUARED_DIST,STATICO,20000,24,64,313,8.338600,8.310000,8.372000,64.696600,7.76,8.339
SQUARED_DIST,STATICO,20000,1,128,157,70.033600,69.836000,70.302000,64.696600,0.92,70.034
SQUARED_DIST,STATICO,20000,2,128,157,35.864000,35.839000,35.908000,64.696600,1.80,35.864
SQUARED_DIST,STATICO,20000,4,128,157,18.545400,18.501000,18.619000,64.696600,3.49,18.545
SQUARED_DIST,STATICO,20000,6,128,157,13.254800,13.221000,13.288000,64.696600,4.88,13.255
SQUARED_DIST,STATICO,20000,8,128,157,10.838000,10.820000,10.852000,64.696600,5.97,10.838
SQUARED_DIST,STATICO,20000,12,128,157,7.702800,7.687000,7.744000,64.696600,8.40,7.703
SQUARED_DIST,STATICO,20000,18,128,157,8.551600,8.407000,8.673000,64.696600,7.57,8.552
SQUARED_DIST,STATICO,20000,24,128,157,8.478200,8.410000,8.505000,64.696600,7.63,8.478
SQUARED_DIST,STATICO,20000,1,256,79,69.993600,69.855000,70.164000,64.696600,0.92,69.994
SQUARED_DIST,STATICO,20000,2,256,79,35.854000,35.817000,35.912000,64.696600,1.80,35.854
SQUARED_DIST,STATICO,20000,4,256,79,18.788400,18.746000,18.824000,64.696600,3.44,18.788
SQUARED_DIST,STATICO,20000,6,256,79,13.238400,13.214000,13.269000,64.696600,4.89,13.238
SQUARED_DIST,STATICO,20000,8,256,79,10.852200,10.829000,10.878000,64.696600,5.96,10.852
SQUARED_DIST,STATICO,20000,12,256,79,8.095400,8.077000,8.107000,64.696600,7.99,8.095
SQUARED_DIST,STATICO,20000,18,256,79,8.835200,8.790000,8.868000,64.696600,7.32,8.835
SQUARED_DIST,STATICO,20000,24,256,79,8.596800,8.540000,8.647000,64.696600,7.53,8.597
SQUARED_DIST,DINAMICO,2000,1,1,2000,0.727400,0.726000,0.729000,0.663600,0.91,7.274
SQUARED_DIST,DINAMICO,2000,2,1,2000,0.398000,0.397000,0.400000,0.663600,1.67,3.980
SQUARED_DIST,DINAMICO,2000,4,1,2000,0.202200,0.201000,0.203000,0.663600,3.28,2.022
SQUARED_DIST,DINAMICO,2000,6,1,2000,0.140800,0.139000,0.142000,0.663600,4.71,1.408
SQUARED_DIST,DINAMICO,2000,8,1,2000,0.117600,0.117000,0.118000,0.663600,5.64,1.176
SQUARED_DIST,DINAMICO,2000,12,1,2000,0.092000,0.091000,0.093000,0.663600,7.21,0.920
SQUARED_DIST,DINAMICO,2000,18,1,2000,0.099400,0.099000,0.100000,0.663600,6.68,0.994
SQUARED_DIST,DINAMICO,2000,24,1,2000,0.104400,0.104000,0.105000,0.663600,6.36,1.044
SQUARED_DIST,DINAMICO,2000,1,8,250,0.722000,0.719000,0.728000,0.663600,0.92,7.220
SQUARED_DIST,DINAMICO,2000,2,8,250,0.383000,0.382000,0.386000,0.663600,1.73,3.830
SQUARED_DIST,DINAMICO,2000,4,8,250,0.193800,0.193000,0.194000,0.663600,3.42,1.938
SQUARED_DIST,DINAMICO,2000,6,8,250,0.136400,0.135000,0.138000,0.663600,4.87,1.364
SQUARED_DIST,DINAMICO,2000,8,8,250,0.115200,0.115000,0.116000,0.663600,5.76,1.152
SQUARED_DIST,DINAMICO,2000,12,8,250,0.092400,0.092000,0.094000,0.663600,7.18,0.924
SQUARED_DIST,DINAMICO,2000,18,8,250,0.098800,0.096000,0.101000,0.663600,6.72,0.988
SQUARED_DIST,DINAMICO,2000,24,8,250,0.102600,0.101000,0.104000,0.663600,6.47,1.026
SQUARED_DIST,DINAMICO,2000,1,32,63,0.721200,0.720000,0.723000,0.663600,0.92,7.212
SQUARED_DIST,DINAMICO,2000,2,32,63,0.384600,0.383000,0.387000,0.663600,1.73,3.846
SQUARED_DIST,DINAMICO,2000,4,32,63,0.197600,0.197000,0.198000,0.663600,3.36,1.976
SQUARED_DIST,DINAMICO,2000,6,32,63,0.141200,0.141000,0.142000,0.663600,4.70,1.412
SQUARED_DIST,DINAMICO,2000,8,32,63,0.119400,0.119000,0.120000,0.663600,5.56,1.194
SQUARED_DIST,DINAMICO,2000,12,32,63,0.099800,0.099000,0.100000,0.663600,6.65,0.998
SQUARED_DIST,DINAMICO,2000,18,32,63,0.105600,0.105000,0.106000,0.663600,6.28,1.056
SQUARED_DIST,DINAMICO,2000,24,32,63,0.110400,0.110000,0.111000,0.663600,6.01,1.104
SQUARED_DIST,DINAMICO,2000,1,64,32,0.722400,0.719000,0.726000,0.663600,0.92,7.224
SQUARED_DIST,DINAMICO,2000,2,64,32,0.385600,0.384000,0.387000,0.663600,1.72,3.856
SQUARED_DIST,DINAMICO,2000,4,64,32,0.198600,0.197000,0.199000,0.663600,3.34,1.986
SQUARED_DIST,DINAMICO,2000,6,64,32,0.152400,0.151000,0.154000,0.663600,4.35,1.524
SQUARED_DIST,DINAMICO,2000,8,64,32,0.128200,0.128000,0.129000,0.663600,5.18,1.282
SQUARED_DIST,DINAMICO,2000,12,64,32,0.102400,0.102000,0.103000,0.663600,6.48,1.024
SQUARED_DIST,DINAMICO,2000,18,64,32,0.107400,0.107000,0.108000,0.663600,6.18,1.074
SQUARED_DIST,DINAMICO,2000,24,64,32,0.112800,0.112000,0.114000,0.663600,5.88,1.128
SQUARED_DIST,DINAMICO,2000,1,128,16,0.718000,0.717000,0.719000,0.663600,0.92,7.180
SQUARED_DIST,DINAMICO,2000,2,128,16,0.385200,0.384000,0.386000,0.663600,1.72,3.852
SQUARED_DIST,DINAMICO,2000,4,128,16,0.197600,0.196000,0.199000,0.663600,3.36,1.976
SQUARED_DIST,DINAMICO,2000,6,128,16,0.154000,0.153000,0.155000,0.663600,4.31,1.540
SQUARED_DIST,DINAMICO,2000,8,128,16,0.128200,0.127000,0.129000,0.663600,5.18,1.282
SQUARED_DIST,DINAMICO,2000,12,128,16,0.124600,0.124000,0.125000,0.663600,5.33,1.246
SQUARED_DIST,DINAMICO,2000,18,128,16,0.129400,0.129000,0.130000,0.663600,5.13,1.294
SQUARED_DIST,DINAMICO,2000,24,128,16,0.134600,0.134000,0.135000,0.663600,4.93,1.346
SQUARED_DIST,DINAMICO,2000,1,256,8,0.722600,0.720000,0.727000,0.663600,0.92,7.226
SQUARED_DIST,DINAMICO,2000,2,256,8,0.386200,0.385000,0.387000,0.663600,1.72,3.862
SQUARED_DIST,DINAMICO,2000,4,256,8,0.198200,0.197000,0.199000,0.663600,3.35,1.982
SQUARED_DIST,DINAMICO,2000,6,256,8,0.200800,0.200000,0.202000,0.663600,3.30,2.008
SQUARED_DIST,DINAMICO,2000,8,256,8,0.128400,0.128000,0.129000,0.663600,5.17,1.284
SQUARED_DIST,DINAMICO,2000,12,256,8,0.131000,0.130000,0.132000,0.663600,5.07,1.310
SQUARED_DIST,DINAMICO,2000,18,256,8,0.136800,0.136000,0.138000,0.663600,4.85,1.368
SQUARED_DIST,DINAMICO,2000,24,256,8,0.141600,0.141000,0.142000,0.663600,4.69,1.416
SQUARED_DIST,DINAMICO,5000,1,1,5000,4.459200,4.446000,4.471000,4.100400,0.92,17.837
SQUARED_DIST,DINAMICO,5000,2,1,5000,2.292000,2.285000,2.299000,4.100400,1.79,9.168
SQUARED_DIST,DINAMICO,5000,4,1,5000,1.182000,1.179000,1.186000,4.100400,3.47,4.728
SQUARED_DIST,DINAMICO,5000,6,1,5000,0.823000,0.819000,0.826000,4.100400,4.98,3.292
SQUARED_DIST,DINAMICO,5000,8,1,5000,0.669800,0.668000,0.672000,4.100400,6.12,2.679
SQUARED_DIST,DINAMICO,5000,12,1,5000,0.501000,0.499000,0.504000,4.100400,8.18,2.004
SQUARED_DIST,DINAMICO,5000,18,1,5000,0.507200,0.506000,0.511000,4.100400,8.08,2.029
SQUARED_DIST,DINAMICO,5000,24,1,5000,0.511400,0.509000,0.513000,4.100400,8.02,2.046
SQUARED_DIST,DINAMICO,5000,1,8,625,4.452600,4.436000,4.466000,4.100400,0.92,17.810
SQUARED_DIST,DINAMICO,5000,2,8,625,2.280000,2.274000,2.289000,4.100400,1.80,9.120
SQUARED_DIST,DINAMICO,5000,4,8,625,1.162800,1.159000,1.168000,4.100400,3.53,4.651
SQUARED_DIST,DINAMICO,5000,6,8,625,0.816200,0.815000,0.818000,4.100400,5.02,3.265
SQUARED_DIST,DINAMICO,5000,8,8,625,0.663200,0.660000,0.666000,4.100400,6.18,2.653
SQUARED_DIST,DINAMICO,5000,12,8,625,0.496000,0.495000,0.497000,4.100400,8.27,1.984
SQUARED_DIST,DINAMICO,5000,18,8,625,0.503600,0.501000,0.508000,4.100400,8.14,2.014
SQUARED_DIST,DINAMICO,5000,24,8,625,0.508400,0.507000,0.512000,4.100400,8.07,2.034
SQUARED_DIST,DINAMICO,5000,1,32,157,4.439400,4.426000,4.451000,4.100400,0.92,17.758
SQUARED_DIST,DINAMICO,5000,2,32,157,2.282600,2.278000,2.291000,4.100400,1.80,9.130
SQUARED_DIST,DINAMICO,5000,4,32,157,1.172400,1.165000,1.176000,4.100400,3.50,4.690
SQUARED_DIST,DINAMICO,5000,6,32,157,0.821600,0.820000,0.823000,4.100400,4.99,3.286
SQUARED_DIST,DINAMICO,5000,8,32,157,0.670800,0.668000,0.673000,4.100400,6.11,2.683
SQUARED_DIST,DINAMICO,5000,12,32,157,0.500800,0.500000,0.503000,4.100400,8.19,2.003
SQUARED_DIST,DINAMICO,5000,18,32,157,0.515600,0.506000,0.533000,4.100400,7.95,2.062
SQUARED_DIST,DINAMICO,5000,24,32,157,0.515000,0.513000,0.518000,4.100400,7.96,2.060
SQUARED_DIST,DINAMICO,5000,1,64,79,4.451600,4.436000,4.490000,4.100400,0.92,17.806
SQUARED_DIST,DINAMICO,5000,2,64,79,2.276600,2.270000,2.284000,4.100400,1.80,9.106
SQUARED_DIST,DINAMICO,5000,4,64,79,1.181800,1.180000,1.183000,4.100400,3.47,4.727
SQUARED_DIST,DINAMICO,5000,6,64,79,0.838400,0.834000,0.843000,4.100400,4.89,3.354
SQUARED_DIST,DINAMICO,5000,8,64,79,0.680600,0.678000,0.682000,4.100400,6.02,2.722
SQUARED_DIST,DINAMICO,5000,12,64,79,0.535800,0.524000,0.552000,4.100400,7.65,2.143
SQUARED_DIST,DINAMICO,5000,18,64,79,0.528600,0.527000,0.530000,4.100400,7.76,2.114
SQUARED_DIST,DINAMICO,5000,24,64,79,0.533400,0.533000,0.535000,4.100400,7.69,2.134
SQUARED_DIST,DINAMICO,5000,1,128,40,4.448200,4.439000,4.458000,4.100400,0.92,17.793
SQUARED_DIST,DINAMICO,5000,2,128,40,2.319800,2.319000,2.321000,4.100400,1.77,9.279
SQUARED_DIST,DINAMICO,5000,4,128,40,1.193200,1.188000,1.200000,4.100400,3.44,4.773
SQUARED_DIST,DINAMICO,5000,6,128,40,0.855400,0.852000,0.861000,4.100400,4.79,3.422
SQUARED_DIST,DINAMICO,5000,8,128,40,0.716200,0.713000,0.719000,4.100400,5.73,2.865
SQUARED_DIST,DINAMICO,5000,12,128,40,0.580200,0.579000,0.581000,4.100400,7.07,2.321
SQUARED_DIST,DINAMICO,5000,18,128,40,0.579600,0.577000,0.582000,4.100400,7.07,2.318
SQUARED_DIST,DINAMICO,5000,24,128,40,0.582800,0.580000,0.585000,4.100400,7.04,2.331
SQUARED_DIST,DINAMICO,5000,1,256,20,4.444600,4.434000,4.457000,4.100400,0.92,17.778
SQUARED_DIST,DINAMICO,5000,2,256,20,2.322600,2.316000,2.329000,4.100400,1.77,9.290
SQUARED_DIST,DINAMICO,5000,4,256,20,1.202600,1.190000,1.212000,4.100400,3.41,4.810
SQUARED_DIST,DINAMICO,5000,6,256,20,0.951000,0.949000,0.954000,4.100400,4.31,3.804
SQUARED_DIST,DINAMICO,5000,8,256,20,0.773800,0.770000,0.777000,4.100400,5.30,3.095
SQUARED_DIST,DINAMICO,5000,12,256,20,0.593000,0.592000,0.594000,4.100400,6.91,2.372
SQUARED_DIST,DINAMICO,5000,18,256,20,0.597400,0.597000,0.598000,4.100400,6.86,2.390
SQUARED_DIST,DINAMICO,5000,24,256,20,0.602600,0.601000,0.605000,4.100400,6.80,2.410
SQUARED_DIST,DINAMICO,10000,1,1,10000,17.661800,17.648000,17.678000,16.298200,0.92,35.324
SQUARED_DIST,DINAMICO,10000,2,1,10000,9.026800,8.996000,9.059000,16.298200,1.81,18.054
SQUARED_DIST,DINAMICO,10000,4,1,10000,4.681000,4.669000,4.695000,16.298200,3.48,9.362
SQUARED_DIST,DINAMICO,10000,6,1,10000,3.274400,3.270000,3.284000,16.298200,4.98,6.549
SQUARED_DIST,DINAMICO,10000,8,1,10000,2.633400,2.628000,2.638000,16.298200,6.19,5.267
SQUARED_DIST,DINAMICO,10000,12,1,10000,1.930000,1.927000,1.936000,16.298200,8.44,3.860
SQUARED_DIST,DINAMICO,10000,18,1,10000,1.935400,1.933000,1.939000,16.298200,8.42,3.871
SQUARED_DIST,DINAMICO,10000,24,1,10000,1.938200,1.936000,1.940000,16.298200,8.41,3.876
SQUARED_DIST,DINAMICO,10000,1,8,1250,17.651000,17.635000,17.692000,16.298200,0.92,35.302
SQUARED_DIST,DINAMICO,10000,2,8,1250,8.978400,8.957000,9.003000,16.298200,1.82,17.957
SQUARED_DIST,DINAMICO,10000,4,8,1250,4.625800,4.614000,4.650000,16.298200,3.52,9.252
SQUARED_DIST,DINAMICO,10000,6,8,1250,3.248600,3.240000,3.256000,16.298200,5.02,6.497
SQUARED_DIST,DINAMICO,10000,8,8,1250,2.620400,2.611000,2.638000,16.298200,6.22,5.241
SQUARED_DIST,DINAMICO,10000,12,8,1250,1.919000,1.917000,1.922000,16.298200,8.49,3.838
SQUARED_DIST,DINAMICO,10000,18,8,1250,1.926800,1.922000,1.934000,16.298200,8.46,3.854
SQUARED_DIST,DINAMICO,10000,24,8,1250,1.927400,1.926000,1.929000,16.298200,8.46,3.855
SQUARED_DIST,DINAMICO,10000,1,32,313,17.643200,17.614000,17.671000,16.298200,0.92,35.286
SQUARED_DIST,DINAMICO,10000,2,32,313,8.989400,8.976000,9.006000,16.298200,1.81,17.979
SQUARED_DIST,DINAMICO,10000,4,32,313,4.607200,4.587000,4.638000,16.298200,3.54,9.214
SQUARED_DIST,DINAMICO,10000,6,32,313,3.252400,3.244000,3.261000,16.298200,5.01,6.505
SQUARED_DIST,DINAMICO,10000,8,32,313,2.627000,2.621000,2.633000,16.298200,6.20,5.254
SQUARED_DIST,DINAMICO,10000,12,32,313,1.939000,1.934000,1.945000,16.298200,8.41,3.878
SQUARED_DIST,DINAMICO,10000,18,32,313,1.943600,1.941000,1.947000,16.298200,8.39,3.887
SQUARED_DIST,DINAMICO,10000,24,32,313,1.947600,1.945000,1.950000,16.298200,8.37,3.895
SQUARED_DIST,DINAMICO,10000,1,64,157,17.641200,17.630000,17.656000,16.298200,0.92,35.282
SQUARED_DIST,DINAMICO,10000,2,64,157,8.981000,8.958000,8.995000,16.298200,1.81,17.962
SQUARED_DIST,DINAMICO,10000,4,64,157,4.626800,4.617000,4.642000,16.298200,3.52,9.254
SQUARED_DIST,DINAMICO,10000,6,64,157,3.285000,3.277000,3.300000,16.298200,4.96,6.570
SQUARED_DIST,DINAMICO,10000,8,64,157,2.649400,2.645000,2.656000,16.298200,6.15,5.299
SQUARED_DIST,DINAMICO,10000,12,64,157,1.949000,1.941000,1.967000,16.298200,8.36,3.898
SQUARED_DIST,DINAMICO,10000,18,64,157,1.959400,1.954000,1.966000,16.298200,8.32,3.919
SQUARED_DIST,DINAMICO,10000,24,64,157,1.971200,1.967000,1.976000,16.298200,8.27,3.942
SQUARED_DIST,DINAMICO,10000,1,128,79,17.649400,17.625000,17.675000,16.298200,0.92,35.299
SQUARED_DIST,DINAMICO,10000,2,128,79,9.011200,8.991000,9.048000,16.298200,1.81,18.022
SQUARED_DIST,DINAMICO,10000,4,128,79,4.679200,4.667000,4.698000,16.298200,3.48,9.358
SQUARED_DIST,DINAMICO,10000,6,128,79,3.331000,3.323000,3.340000,16.298200,4.89,6.662
SQUARED_DIST,DINAMICO,10000,8,128,79,2.703600,2.697000,2.712000,16.298200,6.03,5.407
SQUARED_DIST,DINAMICO,10000,12,128,79,2.036200,2.035000,2.038000,16.298200,8.00,4.072
SQUARED_DIST,DINAMICO,10000,18,128,79,2.017200,2.014000,2.021000,16.298200,8.08,4.034
SQUARED_DIST,DINAMICO,10000,24,128,79,2.021400,2.017000,2.027000,16.298200,8.06,4.043
SQUARED_DIST,DINAMICO,10000,1,256,40,17.645600,17.629000,17.668000,16.298200,0.92,35.291
SQUARED_DIST,DINAMICO,10000,2,256,40,9.188000,9.180000,9.199000,16.298200,1.77,18.376
SQUARED_DIST,DINAMICO,10000,4,256,40,4.739600,4.721000,4.751000,16.298200,3.44,9.479
SQUARED_DIST,DINAMICO,10000,6,256,40,3.424200,3.414000,3.431000,16.298200,4.76,6.848
SQUARED_DIST,DINAMICO,10000,8,256,40,2.756200,2.752000,2.763000,16.298200,5.91,5.512
SQUARED_DIST,DINAMICO,10000,12,256,40,2.247000,2.242000,2.253000,16.298200,7.25,4.494
SQUARED_DIST,DINAMICO,10000,18,256,40,2.144800,2.127000,2.168000,16.298200,7.60,4.290
SQUARED_DIST,DINAMICO,10000,24,256,40,2.143800,2.127000,2.152000,16.298200,7.60,4.288
SQUARED_DIST,DINAMICO,20000,1,1,20000,70.107800,70.025000,70.246000,65.408800,0.93,70.108
SQUARED_DIST,DINAMICO,20000,2,1,20000,35.828400,35.759000,35.875000,65.408800,1.83,35.828
SQUARED_DIST,DINAMICO,20000,4,1,20000,18.434000,18.394000,18.477000,65.408800,3.55,18.434
SQUARED_DIST,DINAMICO,20000,6,1,20000,13.042600,13.012000,13.060000,65.408800,5.02,13.043
SQUARED_DIST,DINAMICO,20000,8,1,20000,10.436200,10.421000,10.463000,65.408800,6.27,10.436
SQUARED_DIST,DINAMICO,20000,12,1,20000,7.653600,7.627000,7.692000,65.408800,8.55,7.654
SQUARED_DIST,DINAMICO,20000,18,1,20000,8.332600,7.660000,9.128000,65.408800,7.85,8.333
SQUARED_DIST,DINAMICO,20000,24,1,20000,7.751800,7.702000,7.856000,65.408800,8.44,7.752
SQUARED_DIST,DINAMICO,20000,1,8,2500,70.359400,70.245000,70.442000,65.408800,0.93,70.359
SQUARED_DIST,DINAMICO,20000,2,8,2500,35.828400,35.766000,35.876000,65.408800,1.83,35.828
SQUARED_DIST,DINAMICO,20000,4,8,2500,18.293200,18.226000,18.386000,65.408800,3.58,18.293
SQUARED_DIST,DINAMICO,20000,6,8,2500,12.982200,12.966000,13.012000,65.408800,5.04,12.982
SQUARED_DIST,DINAMICO,20000,8,8,2500,10.436400,10.425000,10.445000,65.408800,6.27,10.436
SQUARED_DIST,DINAMICO,20000,12,8,2500,7.650200,7.623000,7.721000,65.408800,8.55,7.650
SQUARED_DIST,DINAMICO,20000,18,8,2500,7.699400,7.666000,7.776000,65.408800,8.50,7.699
SQUARED_DIST,DINAMICO,20000,24,8,2500,7.686200,7.666000,7.716000,65.408800,8.51,7.686
SQUARED_DIST,DINAMICO,20000,1,32,625,71.338200,71.032000,71.710000,65.408800,0.92,71.338
SQUARED_DIST,DINAMICO,20000,2,32,625,36.096800,35.895000,36.330000,65.408800,1.81,36.097
SQUARED_DIST,DINAMICO,20000,4,32,625,18.435200,18.392000,18.484000,65.408800,3.55,18.435
SQUARED_DIST,DINAMICO,20000,6,32,625,13.043400,12.985000,13.100000,65.408800,5.01,13.043
SQUARED_DIST,DINAMICO,20000,8,32,625,10.526400,10.469000,10.609000,65.408800,6.21,10.526
SQUARED_DIST,DINAMICO,20000,12,32,625,7.920200,7.698000,8.281000,65.408800,8.26,7.920
SQUARED_DIST,DINAMICO,20000,18,32,625,8.357400,7.843000,8.792000,65.408800,7.83,8.357
SQUARED_DIST,DINAMICO,20000,24,32,625,8.427800,7.985000,8.729000,65.408800,7.76,8.428
SQUARED_DIST,DINAMICO,20000,1,64,313,70.658400,70.432000,71.432000,65.408800,0.93,70.658
SQUARED_DIST,DINAMICO,20000,2,64,313,37.722200,37.124000,39.060000,65.408800,1.73,37.722
SQUARED_DIST,DINAMICO,20000,4,64,313,18.854000,18.430000,19.908000,65.408800,3.47,18.854
SQUARED_DIST,DINAMICO,20000,6,64,313,13.097400,13.056000,13.138000,65.408800,4.99,13.097
SQUARED_DIST,DINAMICO,20000,8,64,313,10.531400,10.490000,10.652000,65.408800,6.21,10.531
SQUARED_DIST,DINAMICO,20000,12,64,313,7.771800,7.717000,7.852000,65.408800,8.42,7.772
SQUARED_DIST,DINAMICO,20000,18,64,313,8.003400,7.816000,8.261000,65.408800,8.17,8.003
SQUARED_DIST,DINAMICO,20000,24,64,313,7.975800,7.767000,8.186000,65.408800,8.20,7.976
SQUARED_DIST,DINAMICO,20000,1,128,157,71.084000,70.431000,72.395000,65.408800,0.92,71.084
SQUARED_DIST,DINAMICO,20000,2,128,157,36.797200,35.984000,37.502000,65.408800,1.78,36.797
SQUARED_DIST,DINAMICO,20000,4,128,157,18.540200,18.452000,18.581000,65.408800,3.53,18.540
SQUARED_DIST,DINAMICO,20000,6,128,157,13.201800,13.146000,13.341000,65.408800,4.95,13.202
SQUARED_DIST,DINAMICO,20000,8,128,157,10.624200,10.604000,10.658000,65.408800,6.16,10.624
SQUARED_DIST,DINAMICO,20000,12,128,157,7.826200,7.734000,8.056000,65.408800,8.36,7.826
SQUARED_DIST,DINAMICO,20000,18,128,157,8.438400,7.994000,9.030000,65.408800,7.75,8.438
SQUARED_DIST,DINAMICO,20000,24,128,157,8.526400,7.938000,8.952000,65.408800,7.67,8.526
SQUARED_DIST,DINAMICO,20000,1,256,79,71.522200,70.412000,75.723000,65.408800,0.91,71.522
SQUARED_DIST,DINAMICO,20000,2,256,79,35.975800,35.842000,36.113000,65.408800,1.82,35.976
SQUARED_DIST,DINAMICO,20000,4,256,79,19.964400,18.920000,22.323000,65.408800,3.28,19.964
SQUARED_DIST,DINAMICO,20000,6,256,79,14.717800,13.552000,17.394000,65.408800,4.44,14.718
SQUARED_DIST,DINAMICO,20000,8,256,79,12.177400,10.921000,15.023000,65.408800,5.37,12.177
SQUARED_DIST,DINAMICO,20000,12,256,79,8.080400,8.071000,8.100000,65.408800,8.09,8.080
SQUARED_DIST,DINAMICO,20000,18,256,79,8.022200,7.983000,8.048000,65.408800,8.15,8.022
SQUARED_DIST,DINAMICO,20000,24,256,79,8.027200,7.992000,8.056000,65.408800,8.15,8.027
BOUNDING_BOX,STATICO,2000,1,1,2000,0.986000,0.981000,0.993000,0.968600,0.98,9.860
BOUNDING_BOX,STATICO,2000,2,1,2000,0.526000,0.524000,0.528000,0.968600,1.84,5.260
BOUNDING_BOX,STATICO,2000,4,1,2000,0.269800,0.268000,0.272000,0.968600,3.59,2.698
BOUNDING_BOX,STATICO,2000,6,1,2000,0.196200,0.189000,0.217000,0.968600,4.94,1.962
BOUNDING_BOX,STATICO,2000,8,1,2000,0.160200,0.160000,0.161000,0.968600,6.05,1.602
BOUNDING_BOX,STATICO,2000,12,1,2000,0.116800,0.115000,0.119000,0.968600,8.29,1.168
BOUNDING_BOX,STATICO,2000,18,1,2000,0.148000,0.147000,0.149000,0.968600,6.54,1.480
BOUNDING_BOX,STATICO,2000,24,1,2000,0.130200,0.128000,0.134000,0.968600,7.44,1.302
BOUNDING_BOX,STATICO,2000,1,8,250,0.985600,0.983000,0.989000,0.968600,0.98,9.856
BOUNDING_BOX,STATICO,2000,2,8,250,0.519200,0.518000,0.520000,0.968600,1.87,5.192
BOUNDING_BOX,STATICO,2000,4,8,250,0.265600,0.264000,0.267000,0.968600,3.65,2.656
BOUNDING_BOX,STATICO,2000,6,8,250,0.187000,0.186000,0.189000,0.968600,5.18,1.870
BOUNDING_BOX,STATICO,2000,8,8,250,0.160600,0.160000,0.161000,0.968600,6.03,1.606
BOUNDING_BOX,STATICO,2000,12,8,250,0.118600,0.117000,0.120000,0.968600,8.17,1.186
BOUNDING_BOX,STATICO,2000,18,8,250,0.149800,0.149000,0.151000,0.968600,6.47,1.498
BOUNDING_BOX,STATICO,2000,24,8,250,0.132400,0.130000,0.134000,0.968600,7.32,1.324
BOUNDING_BOX,STATICO,2000,1,32,63,0.985400,0.982000,0.990000,0.968600,0.98,9.854
BOUNDING_BOX,STATICO,2000,2,32,63,0.521400,0.516000,0.528000,0.968600,1.86,5.214
BOUNDING_BOX,STATICO,2000,4,32,63,0.280800,0.276000,0.287000,0.968600,3.45,2.808
BOUNDING_BOX,STATICO,2000,6,32,63,0.209200,0.205000,0.213000,0.968600,4.63,2.092
BOUNDING_BOX,STATICO,2000,8,32,63,0.165600,0.162000,0.175000,0.968600,5.85,1.656
BOUNDING_BOX,STATICO,2000,12,32,63,0.167400,0.145000,0.185000,0.968600,5.79,1.674
BOUNDING_BOX,STATICO,2000,18,32,63,0.156600,0.153000,0.165000,0.968600,6.19,1.566
BOUNDING_BOX,STATICO,2000,24,32,63,0.160600,0.149000,0.185000,0.968600,6.03,1.606
BOUNDING_BOX,STATICO,2000,1,64,32,1.001200,0.989000,1.014000,0.968600,0.97,10.012
BOUNDING_BOX,STATICO,2000,2,64,32,0.532600,0.529000,0.535000,0.968600,1.82,5.326
BOUNDING_BOX,STATICO,2000,4,64,32,0.279800,0.275000,0.289000,0.968600,3.46,2.798
BOUNDING_BOX,STATICO,2000,6,64,32,0.216800,0.210000,0.228000,0.968600,4.47,2.168
BOUNDING_BOX,STATICO,2000,8,64,32,0.167000,0.162000,0.177000,0.968600,5.80,1.670
BOUNDING_BOX,STATICO,2000,12,64,32,0.151400,0.144000,0.173000,0.968600,6.40,1.514
BOUNDING_BOX,STATICO,2000,18,64,32,0.165000,0.161000,0.171000,0.968600,5.87,1.650
BOUNDING_BOX,STATICO,2000,24,64,32,0.175000,0.168000,0.191000,0.968600,5.53,1.750
BOUNDING_BOX,STATICO,2000,1,128,16,0.997800,0.994000,1.003000,0.968600,0.97,9.978
BOUNDING_BOX,STATICO,2000,2,128,16,0.530200,0.529000,0.532000,0.968600,1.83,5.302
BOUNDING_BOX,STATICO,2000,4,128,16,0.277200,0.273000,0.283000,0.968600,3.49,2.772
BOUNDING_BOX,STATICO,2000,6,128,16,0.219600,0.213000,0.231000,0.968600,4.41,2.196
BOUNDING_BOX,STATICO,2000,8,128,16,0.185800,0.163000,0.207000,0.968600,5.21,1.858
BOUNDING_BOX,STATICO,2000,12,128,16,0.199800,0.190000,0.208000,0.968600,4.85,1.998
BOUNDING_BOX,STATICO,2000,18,128,16,0.172200,0.167000,0.181000,0.968600,5.62,1.722
BOUNDING_BOX,STATICO,2000,24,128,16,0.180200,0.175000,0.186000,0.968600,5.38,1.802
BOUNDING_BOX,STATICO,2000,1,256,8,1.003800,1.002000,1.005000,0.968600,0.96,10.038
BOUNDING_BOX,STATICO,2000,2,256,8,0.534400,0.531000,0.542000,0.968600,1.81,5.344
BOUNDING_BOX,STATICO,2000,4,256,8,0.279000,0.276000,0.282000,0.968600,3.47,2.790
BOUNDING_BOX,STATICO,2000,6,256,8,0.278200,0.273000,0.286000,0.968600,3.48,2.782
BOUNDING_BOX,STATICO,2000,8,256,8,0.167200,0.164000,0.171000,0.968600,5.79,1.672
BOUNDING_BOX,STATICO,2000,12,256,8,0.169600,0.166000,0.181000,0.968600,5.71,1.696
BOUNDING_BOX,STATICO,2000,18,256,8,0.175600,0.172000,0.184000,0.968600,5.52,1.756
BOUNDING_BOX,STATICO,2000,24,256,8,0.180000,0.177000,0.188000,0.968600,5.38,1.800
BOUNDING_BOX,STATICO,5000,1,1,5000,6.126400,6.086000,6.217000,6.058000,0.99,24.506
BOUNDING_BOX,STATICO,5000,2,1,5000,3.147400,3.134000,3.173000,6.058000,1.92,12.590
BOUNDING_BOX,STATICO,5000,4,1,5000,1.646000,1.642000,1.651000,6.058000,3.68,6.584
BOUNDING_BOX,STATICO,5000,6,1,5000,1.170200,1.165000,1.180000,6.058000,5.18,4.681
BOUNDING_BOX,STATICO,5000,8,1,5000,1.019200,0.929000,1.108000,6.058000,5.94,4.077
BOUNDING_BOX,STATICO,5000,12,1,5000,0.666000,0.657000,0.673000,6.058000,9.10,2.664
BOUNDING_BOX,STATICO,5000,18,1,5000,0.808600,0.807000,0.810000,6.058000,7.49,3.234
BOUNDING_BOX,STATICO,5000,24,1,5000,0.694800,0.680000,0.719000,6.058000,8.72,2.779
BOUNDING_BOX,STATICO,5000,1,8,625,6.038600,6.031000,6.046000,6.058000,1.00,24.154
BOUNDING_BOX,STATICO,5000,2,8,625,3.098400,3.090000,3.112000,6.058000,1.96,12.394
BOUNDING_BOX,STATICO,5000,4,8,625,1.590600,1.576000,1.603000,6.058000,3.81,6.362
BOUNDING_BOX,STATICO,5000,6,8,625,1.137800,1.134000,1.141000,6.058000,5.32,4.551
BOUNDING_BOX,STATICO,5000,8,8,625,0.902600,0.900000,0.905000,6.058000,6.71,3.610
BOUNDING_BOX,STATICO,5000,12,8,625,0.653200,0.641000,0.661000,6.058000,9.27,2.613
BOUNDING_BOX,STATICO,5000,18,8,625,0.805800,0.803000,0.807000,6.058000,7.52,3.223
BOUNDING_BOX,STATICO,5000,24,8,625,0.693600,0.690000,0.696000,6.058000,8.73,2.774
BOUNDING_BOX,STATICO,5000,1,32,157,6.040400,6.027000,6.062000,6.058000,1.00,24.162
BOUNDING_BOX,STATICO,5000,2,32,157,3.097800,3.086000,3.105000,6.058000,1.96,12.391
BOUNDING_BOX,STATICO,5000,4,32,157,1.593800,1.583000,1.606000,6.058000,3.80,6.375
BOUNDING_BOX,STATICO,5000,6,32,157,1.137200,1.129000,1.147000,6.058000,5.33,4.549
BOUNDING_BOX,STATICO,5000,8,32,157,0.915000,0.913000,0.916000,6.058000,6.62,3.660
BOUNDING_BOX,STATICO,5000,12,32,157,0.658800,0.646000,0.689000,6.058000,9.20,2.635
BOUNDING_BOX,STATICO,5000,18,32,157,0.807600,0.803000,0.811000,6.058000,7.50,3.230
BOUNDING_BOX,STATICO,5000,24,32,157,0.706200,0.702000,0.716000,6.058000,8.58,2.825
BOUNDING_BOX,STATICO,5000,1,64,79,6.028200,6.019000,6.036000,6.058000,1.00,24.113
BOUNDING_BOX,STATICO,5000,2,64,79,3.089800,3.077000,3.095000,6.058000,1.96,12.359
BOUNDING_BOX,STATICO,5000,4,64,79,1.617000,1.611000,1.625000,6.058000,3.75,6.468
BOUNDING_BOX,STATICO,5000,6,64,79,1.137800,1.130000,1.143000,6.058000,5.32,4.551
BOUNDING_BOX,STATICO,5000,8,64,79,0.922400,0.918000,0.929000,6.058000,6.57,3.690
BOUNDING_BOX,STATICO,5000,12,64,79,0.683200,0.672000,0.703000,6.058000,8.87,2.733
BOUNDING_BOX,STATICO,5000,18,64,79,0.823400,0.820000,0.830000,6.058000,7.36,3.294
BOUNDING_BOX,STATICO,5000,24,64,79,0.751400,0.745000,0.759000,6.058000,8.06,3.006
BOUNDING_BOX,STATICO,5000,1,128,40,6.031400,6.020000,6.049000,6.058000,1.00,24.126
BOUNDING_BOX,STATICO,5000,2,128,40,3.158600,3.154000,3.164000,6.058000,1.92,12.634
BOUNDING_BOX,STATICO,5000,4,128,40,1.631800,1.614000,1.660000,6.058000,3.71,6.527
BOUNDING_BOX,STATICO,5000,6,128,40,1.239800,1.224000,1.264000,6.058000,4.89,4.959
BOUNDING_BOX,STATICO,5000,8,128,40,0.921400,0.919000,0.925000,6.058000,6.57,3.686
BOUNDING_BOX,STATICO,5000,12,128,40,0.755000,0.749000,0.769000,6.058000,8.02,3.020
BOUNDING_BOX,STATICO,5000,18,128,40,0.878200,0.873000,0.882000,6.058000,6.90,3.513
BOUNDING_BOX,STATICO,5000,24,128,40,0.758000,0.755000,0.760000,6.058000,7.99,3.032
BOUNDING_BOX,STATICO,5000,1,256,20,6.073800,6.038000,6.102000,6.058000,1.00,24.295
BOUNDING_BOX,STATICO,5000,2,256,20,3.214400,3.179000,3.263000,6.058000,1.88,12.858
BOUNDING_BOX,STATICO,5000,4,256,20,1.631400,1.615000,1.647000,6.058000,3.71,6.526
BOUNDING_BOX,STATICO,5000,6,256,20,1.322000,1.306000,1.360000,6.058000,4.58,5.288
BOUNDING_BOX,STATICO,5000,8,256,20,1.078000,1.059000,1.129000,6.058000,5.62,4.312
BOUNDING_BOX,STATICO,5000,12,256,20,0.829800,0.779000,0.918000,6.058000,7.30,3.319
BOUNDING_BOX,STATICO,5000,18,256,20,0.913000,0.898000,0.935000,6.058000,6.64,3.652
BOUNDING_BOX,STATICO,5000,24,256,20,0.764600,0.760000,0.773000,6.058000,7.92,3.058
BOUNDING_BOX,STATICO,10000,1,1,10000,24.207000,24.093000,24.316000,23.975800,0.99,48.414
BOUNDING_BOX,STATICO,10000,2,1,10000,12.240600,12.086000,12.348000,23.975800,1.96,24.481
BOUNDING_BOX,STATICO,10000,4,1,10000,6.284200,6.204000,6.383000,23.975800,3.82,12.568
BOUNDING_BOX,STATICO,10000,6,1,10000,4.422800,4.412000,4.433000,23.975800,5.42,8.846
BOUNDING_BOX,STATICO,10000,8,1,10000,3.491800,3.486000,3.500000,23.975800,6.87,6.984
BOUNDING_BOX,STATICO,10000,12,1,10000,2.497200,2.476000,2.531000,23.975800,9.60,4.994
BOUNDING_BOX,STATICO,10000,18,1,10000,3.035400,3.013000,3.059000,23.975800,7.90,6.071
BOUNDING_BOX,STATICO,10000,24,1,10000,2.713400,2.687000,2.732000,23.975800,8.84,5.427
BOUNDING_BOX,STATICO,10000,1,8,1250,23.707200,23.690000,23.733000,23.975800,1.01,47.414
BOUNDING_BOX,STATICO,10000,2,8,1250,12.194400,12.114000,12.309000,23.975800,1.97,24.389
BOUNDING_BOX,STATICO,10000,4,8,1250,6.289000,6.206000,6.357000,23.975800,3.81,12.578
BOUNDING_BOX,STATICO,10000,6,8,1250,4.476800,4.424000,4.540000,23.975800,5.36,8.954
BOUNDING_BOX,STATICO,10000,8,8,1250,3.537600,3.514000,3.584000,23.975800,6.78,7.075
BOUNDING_BOX,STATICO,10000,12,8,1250,3.213800,2.888000,3.983000,23.975800,7.46,6.428
BOUNDING_BOX,STATICO,10000,18,8,1250,3.130200,3.063000,3.177000,23.975800,7.66,6.260
BOUNDING_BOX,STATICO,10000,24,8,1250,3.550000,2.808000,4.873000,23.975800,6.75,7.100
BOUNDING_BOX,STATICO,10000,1,32,313,24.132400,23.953000,24.251000,23.975800,0.99,48.265
BOUNDING_BOX,STATICO,10000,2,32,313,12.427600,12.202000,12.626000,23.975800,1.93,24.855
BOUNDING_BOX,STATICO,10000,4,32,313,6.523400,6.475000,6.605000,23.975800,3.68,13.047
BOUNDING_BOX,STATICO,10000,6,32,313,4.559200,4.511000,4.633000,23.975800,5.26,9.118
BOUNDING_BOX,STATICO,10000,8,32,313,3.563600,3.500000,3.705000,23.975800,6.73,7.127
BOUNDING_BOX,STATICO,10000,12,32,313,2.778400,2.590000,2.969000,23.975800,8.63,5.557
BOUNDING_BOX,STATICO,10000,18,32,313,3.168800,3.104000,3.267000,23.975800,7.57,6.338
BOUNDING_BOX,STATICO,10000,24,32,313,3.342400,2.887000,4.888000,23.975800,7.17,6.685
BOUNDING_BOX,STATICO,10000,1,64,157,24.136600,23.815000,24.733000,23.975800,0.99,48.273
BOUNDING_BOX,STATICO,10000,2,64,157,12.263200,12.171000,12.569000,23.975800,1.96,24.526
BOUNDING_BOX,STATICO,10000,4,64,157,6.341600,6.265000,6.468000,23.975800,3.78,12.683
BOUNDING_BOX,STATICO,10000,6,64,157,4.507800,4.427000,4.613000,23.975800,5.32,9.016
BOUNDING_BOX,STATICO,10000,8,64,157,3.683000,3.524000,4.016000,23.975800,6.51,7.366
BOUNDING_BOX,STATICO,10000,12,64,157,2.832400,2.616000,3.353000,23.975800,8.46,5.665
BOUNDING_BOX,STATICO,10000,18,64,157,3.104200,3.052000,3.183000,23.975800,7.72,6.208
BOUNDING_BOX,STATICO,10000,24,64,157,2.926800,2.838000,3.225000,23.975800,8.19,5.854
BOUNDING_BOX,STATICO,10000,1,128,79,23.992200,23.928000,24.033000,23.975800,1.00,47.984
BOUNDING_BOX,STATICO,10000,2,128,79,12.205400,12.157000,12.250000,23.975800,1.96,24.411
BOUNDING_BOX,STATICO,10000,4,128,79,6.382600,6.359000,6.404000,23.975800,3.76,12.765
BOUNDING_BOX,STATICO,10000,6,128,79,4.496800,4.470000,4.521000,23.975800,5.33,8.994
BOUNDING_BOX,STATICO,10000,8,128,79,3.559800,3.553000,3.569000,23.975800,6.74,7.120
BOUNDING_BOX,STATICO,10000,12,128,79,2.775800,2.741000,2.830000,23.975800,8.64,5.552
BOUNDING_BOX,STATICO,10000,18,128,79,3.205200,3.193000,3.221000,23.975800,7.48,6.410
BOUNDING_BOX,STATICO,10000,24,128,79,2.959400,2.943000,2.999000,23.975800,8.10,5.919
BOUNDING_BOX,STATICO,10000,1,256,40,24.277000,24.009000,24.623000,23.975800,0.99,48.554
BOUNDING_BOX,STATICO,10000,2,256,40,12.467200,12.421000,12.549000,23.975800,1.92,24.934
BOUNDING_BOX,STATICO,10000,4,256,40,6.420400,6.380000,6.498000,23.975800,3.73,12.841
BOUNDING_BOX,STATICO,10000,6,256,40,4.750400,4.714000,4.776000,23.975800,5.05,9.501
BOUNDING_BOX,STATICO,10000,8,256,40,3.585200,3.567000,3.618000,23.975800,6.69,7.170
BOUNDING_BOX,STATICO,10000,12,256,40,3.065400,3.011000,3.108000,23.975800,7.82,6.131
BOUNDING_BOX,STATICO,10000,18,256,40,3.414000,3.380000,3.481000,23.975800,7.02,6.828
BOUNDING_BOX,STATICO,10000,24,256,40,3.038600,3.005000,3.094000,23.975800,7.89,6.077
BOUNDING_BOX,STATICO,20000,1,1,20000,92.754800,92.657000,92.853000,92.018800,0.99,92.755
BOUNDING_BOX,STATICO,20000,2,1,20000,47.183800,47.164000,47.217000,92.018800,1.95,47.184
BOUNDING_BOX,STATICO,20000,4,1,20000,24.241200,24.179000,24.326000,92.018800,3.80,24.241
BOUNDING_BOX,STATICO,20000,6,1,20000,17.054400,17.032000,17.076000,92.018800,5.40,17.054
BOUNDING_BOX,STATICO,20000,8,1,20000,13.489800,13.466000,13.507000,92.018800,6.82,13.490
BOUNDING_BOX,STATICO,20000,12,1,20000,10.365400,9.566000,11.504000,92.018800,8.88,10.365
BOUNDING_BOX,STATICO,20000,18,1,20000,11.765400,11.304000,12.800000,92.018800,7.82,11.765
BOUNDING_BOX,STATICO,20000,24,1,20000,10.754200,10.508000,10.998000,92.018800,8.56,10.754
BOUNDING_BOX,STATICO,20000,1,8,2500,93.876600,93.104000,94.449000,92.018800,0.98,93.877
BOUNDING_BOX,STATICO,20000,2,8,2500,48.109400,47.493000,49.769000,92.018800,1.91,48.109
BOUNDING_BOX,STATICO,20000,4,8,2500,24.662600,24.334000,24.875000,92.018800,3.73,24.663
BOUNDING_BOX,STATICO,20000,6,8,2500,17.464200,17.400000,17.533000,92.018800,5.27,17.464
BOUNDING_BOX,STATICO,20000,8,8,2500,13.608800,13.554000,13.660000,92.018800,6.76,13.609
BOUNDING_BOX,STATICO,20000,12,8,2500,10.160600,10.116000,10.232000,92.018800,9.06,10.161
BOUNDING_BOX,STATICO,20000,18,8,2500,10.724800,10.647000,10.845000,92.018800,8.58,10.725
BOUNDING_BOX,STATICO,20000,24,8,2500,10.484200,10.376000,10.586000,92.018800,8.78,10.484
BOUNDING_BOX,STATICO,20000,1,32,625,94.528400,94.243000,95.141000,92.018800,0.97,94.528
BOUNDING_BOX,STATICO,20000,2,32,625,48.020600,47.616000,48.141000,92.018800,1.92,48.021
BOUNDING_BOX,STATICO,20000,4,32,625,24.619400,24.553000,24.831000,92.018800,3.74,24.619
BOUNDING_BOX,STATICO,20000,6,32,625,17.348200,17.103000,17.501000,92.018800,5.30,17.348
BOUNDING_BOX,STATICO,20000,8,32,625,13.594200,13.496000,13.713000,92.018800,6.77,13.594
BOUNDING_BOX,STATICO,20000,12,32,625,10.676600,9.730000,11.779000,92.018800,8.62,10.677
BOUNDING_BOX,STATICO,20000,18,32,625,10.866400,10.608000,11.589000,92.018800,8.47,10.866
BOUNDING_BOX,STATICO,20000,24,32,625,10.381400,10.349000,10.420000,92.018800,8.86,10.381
BOUNDING_BOX,STATICO,20000,1,64,313,94.575400,94.290000,94.972000,92.018800,0.97,94.575
BOUNDING_BOX,STATICO,20000,2,64,313,47.715000,47.677000,47.757000,92.018800,1.93,47.715
BOUNDING_BOX,STATICO,20000,4,64,313,24.637400,24.554000,24.734000,92.018800,3.73,24.637
BOUNDING_BOX,STATICO,20000,6,64,313,17.523600,17.441000,17.648000,92.018800,5.25,17.524
BOUNDING_BOX,STATICO,20000,8,64,313,13.667600,13.529000,13.891000,92.018800,6.73,13.668
BOUNDING_BOX,STATICO,20000,12,64,313,9.991000,9.637000,10.225000,92.018800,9.21,9.991
BOUNDING_BOX,STATICO,20000,18,64,313,10.690800,10.594000,10.791000,92.018800,8.61,10.691
BOUNDING_BOX,STATICO,20000,24,64,313,10.523400,10.438000,10.649000,92.018800,8.74,10.523
BOUNDING_BOX,STATICO,20000,1,128,157,94.808000,94.515000,95.181000,92.018800,0.97,94.808
BOUNDING_BOX,STATICO,20000,2,128,157,48.106000,47.822000,48.273000,92.018800,1.91,48.106
BOUNDING_BOX,STATICO,20000,4,128,157,25.080600,24.786000,25.273000,92.018800,3.67,25.081
BOUNDING_BOX,STATICO,20000,6,128,157,17.550200,17.366000,17.797000,92.018800,5.24,17.550
BOUNDING_BOX,STATICO,20000,8,128,157,14.003400,13.797000,14.132000,92.018800,6.57,14.003
BOUNDING_BOX,STATICO,20000,12,128,157,9.695800,9.594000,9.814000,92.018800,9.49,9.696
BOUNDING_BOX,STATICO,20000,18,128,157,11.111400,10.668000,11.782000,92.018800,8.28,11.111
BOUNDING_BOX,STATICO,20000,24,128,157,10.794200,10.695000,10.896000,92.018800,8.52,10.794
BOUNDING_BOX,STATICO,20000,1,256,79,94.485800,92.784000,95.285000,92.018800,0.97,94.486
BOUNDING_BOX,STATICO,20000,2,256,79,47.257800,47.221000,47.301000,92.018800,1.95,47.258
BOUNDING_BOX,STATICO,20000,4,256,79,25.086400,24.965000,25.143000,92.018800,3.67,25.086
BOUNDING_BOX,STATICO,20000,6,256,79,17.193600,17.126000,17.261000,92.018800,5.35,17.194
BOUNDING_BOX,STATICO,20000,8,256,79,13.740400,13.670000,13.792000,92.018800,6.70,13.740
BOUNDING_BOX,STATICO,20000,12,256,79,10.789000,10.517000,11.097000,92.018800,8.53,10.789
BOUNDING_BOX,STATICO,20000,18,256,79,11.265800,11.116000,11.358000,92.018800,8.17,11.266
BOUNDING_BOX,STATICO,20000,24,256,79,10.896200,10.771000,11.003000,92.018800,8.45,10.896
BOUNDING_BOX,DINAMICO,2000,1,1,2000,1.012400,1.009000,1.018000,0.989800,0.98,10.124
BOUNDING_BOX,DINAMICO,2000,2,1,2000,0.531800,0.527000,0.536000,0.989800,1.86,5.318
BOUNDING_BOX,DINAMICO,2000,4,1,2000,0.269600,0.269000,0.270000,0.989800,3.67,2.696
BOUNDING_BOX,DINAMICO,2000,6,1,2000,0.186800,0.185000,0.188000,0.989800,5.30,1.868
BOUNDING_BOX,DINAMICO,2000,8,1,2000,0.151600,0.151000,0.152000,0.989800,6.53,1.516
BOUNDING_BOX,DINAMICO,2000,12,1,2000,0.114200,0.114000,0.115000,0.989800,8.67,1.142
BOUNDING_BOX,DINAMICO,2000,18,1,2000,0.122000,0.121000,0.123000,0.989800,8.11,1.220
BOUNDING_BOX,DINAMICO,2000,24,1,2000,0.127000,0.126000,0.128000,0.989800,7.79,1.270
BOUNDING_BOX,DINAMICO,2000,1,8,250,1.000800,0.998000,1.005000,0.989800,0.99,10.008
BOUNDING_BOX,DINAMICO,2000,2,8,250,0.514400,0.511000,0.517000,0.989800,1.92,5.144
BOUNDING_BOX,DINAMICO,2000,4,8,250,0.264000,0.263000,0.265000,0.989800,3.75,2.640
BOUNDING_BOX,DINAMICO,2000,6,8,250,0.183000,0.182000,0.185000,0.989800,5.41,1.830
BOUNDING_BOX,DINAMICO,2000,8,8,250,0.153200,0.150000,0.165000,0.989800,6.46,1.532
BOUNDING_BOX,DINAMICO,2000,12,8,250,0.115600,0.114000,0.120000,0.989800,8.56,1.156
BOUNDING_BOX,DINAMICO,2000,18,8,250,0.122000,0.119000,0.124000,0.989800,8.11,1.220
BOUNDING_BOX,DINAMICO,2000,24,8,250,0.128400,0.128000,0.129000,0.989800,7.71,1.284
BOUNDING_BOX,DINAMICO,2000,1,32,63,1.005000,1.004000,1.007000,0.989800,0.98,10.050
BOUNDING_BOX,DINAMICO,2000,2,32,63,0.515600,0.513000,0.521000,0.989800,1.92,5.156
BOUNDING_BOX,DINAMICO,2000,4,32,63,0.267000,0.264000,0.270000,0.989800,3.71,2.670
BOUNDING_BOX,DINAMICO,2000,6,32,63,0.192200,0.190000,0.196000,0.989800,5.15,1.922
BOUNDING_BOX,DINAMICO,2000,8,32,63,0.159600,0.157000,0.167000,0.989800,6.20,1.596
BOUNDING_BOX,DINAMICO,2000,12,32,63,0.125200,0.124000,0.126000,0.989800,7.91,1.252
BOUNDING_BOX,DINAMICO,2000,18,32,63,0.131400,0.131000,0.132000,0.989800,7.53,1.314
BOUNDING_BOX,DINAMICO,2000,24,32,63,0.136600,0.135000,0.139000,0.989800,7.25,1.366
BOUNDING_BOX,DINAMICO,2000,1,64,32,1.003400,1.001000,1.006000,0.989800,0.99,10.034
BOUNDING_BOX,DINAMICO,2000,2,64,32,0.520800,0.520000,0.522000,0.989800,1.90,5.208
BOUNDING_BOX,DINAMICO,2000,4,64,32,0.270200,0.267000,0.272000,0.989800,3.66,2.702
BOUNDING_BOX,DINAMICO,2000,6,64,32,0.203200,0.202000,0.205000,0.989800,4.87,2.032
BOUNDING_BOX,DINAMICO,2000,8,64,32,0.161200,0.160000,0.162000,0.989800,6.14,1.612
BOUNDING_BOX,DINAMICO,2000,12,64,32,0.129000,0.128000,0.130000,0.989800,7.67,1.290
BOUNDING_BOX,DINAMICO,2000,18,64,32,0.133800,0.133000,0.135000,0.989800,7.40,1.338
BOUNDING_BOX,DINAMICO,2000,24,64,32,0.139200,0.137000,0.141000,0.989800,7.11,1.392
BOUNDING_BOX,DINAMICO,2000,1,128,16,0.999200,0.996000,1.005000,0.989800,0.99,9.992
BOUNDING_BOX,DINAMICO,2000,2,128,16,0.523400,0.521000,0.526000,0.989800,1.89,5.234
BOUNDING_BOX,DINAMICO,2000,4,128,16,0.270800,0.269000,0.274000,0.989800,3.66,2.708
BOUNDING_BOX,DINAMICO,2000,6,128,16,0.211000,0.209000,0.213000,0.989800,4.69,2.110
BOUNDING_BOX,DINAMICO,2000,8,128,16,0.164800,0.162000,0.174000,0.989800,6.01,1.648
BOUNDING_BOX,DINAMICO,2000,12,128,16,0.159200,0.159000,0.160000,0.989800,6.22,1.592
BOUNDING_BOX,DINAMICO,2000,18,128,16,0.164800,0.164000,0.166000,0.989800,6.01,1.648
BOUNDING_BOX,DINAMICO,2000,24,128,16,0.171200,0.169000,0.174000,0.989800,5.78,1.712
BOUNDING_BOX,DINAMICO,2000,1,256,8,1.001600,0.999000,1.003000,0.989800,0.99,10.016
BOUNDING_BOX,DINAMICO,2000,2,256,8,0.525600,0.522000,0.530000,0.989800,1.88,5.256
BOUNDING_BOX,DINAMICO,2000,4,256,8,0.273000,0.271000,0.276000,0.989800,3.63,2.730
BOUNDING_BOX,DINAMICO,2000,6,256,8,0.270000,0.268000,0.272000,0.989800,3.67,2.700
BOUNDING_BOX,DINAMICO,2000,8,256,8,0.163600,0.161000,0.168000,0.989800,6.05,1.636
BOUNDING_BOX,DINAMICO,2000,12,256,8,0.164600,0.164000,0.165000,0.989800,6.01,1.646
BOUNDING_BOX,DINAMICO,2000,18,256,8,0.170400,0.170000,0.171000,0.989800,5.81,1.704
BOUNDING_BOX,DINAMICO,2000,24,256,8,0.175000,0.174000,0.176000,0.989800,5.66,1.750
BOUNDING_BOX,DINAMICO,5000,1,1,5000,6.203800,6.185000,6.217000,6.068600,0.98,24.815
BOUNDING_BOX,DINAMICO,5000,2,1,5000,3.166200,3.156000,3.176000,6.068600,1.92,12.665
BOUNDING_BOX,DINAMICO,5000,4,1,5000,1.626000,1.616000,1.644000,6.068600,3.73,6.504
BOUNDING_BOX,DINAMICO,5000,6,1,5000,1.121000,1.119000,1.123000,6.068600,5.41,4.484
BOUNDING_BOX,DINAMICO,5000,8,1,5000,0.882600,0.881000,0.884000,6.068600,6.88,3.530
BOUNDING_BOX,DINAMICO,5000,12,1,5000,0.640600,0.630000,0.670000,6.068600,9.47,2.562
BOUNDING_BOX,DINAMICO,5000,18,1,5000,0.674800,0.635000,0.716000,6.068600,8.99,2.699
BOUNDING_BOX,DINAMICO,5000,24,1,5000,0.642800,0.641000,0.645000,6.068600,9.44,2.571
BOUNDING_BOX,DINAMICO,5000,1,8,625,6.151400,6.137000,6.167000,6.068600,0.99,24.606
BOUNDING_BOX,DINAMICO,5000,2,8,625,3.120800,3.099000,3.149000,6.068600,1.94,12.483
BOUNDING_BOX,DINAMICO,5000,4,8,625,1.580800,1.573000,1.585000,6.068600,3.84,6.323
BOUNDING_BOX,DINAMICO,5000,6,8,625,1.089600,1.087000,1.091000,6.068600,5.57,4.358
BOUNDING_BOX,DINAMICO,5000,8,8,625,0.860200,0.858000,0.862000,6.068600,7.05,3.441
BOUNDING_BOX,DINAMICO,5000,12,8,625,0.626000,0.625000,0.627000,6.068600,9.69,2.504
BOUNDING_BOX,DINAMICO,5000,18,8,625,0.632200,0.631000,0.634000,6.068600,9.60,2.529
BOUNDING_BOX,DINAMICO,5000,24,8,625,0.637800,0.637000,0.639000,6.068600,9.51,2.551
BOUNDING_BOX,DINAMICO,5000,1,32,157,6.128400,6.116000,6.150000,6.068600,0.99,24.514
BOUNDING_BOX,DINAMICO,5000,2,32,157,3.101200,3.091000,3.111000,6.068600,1.96,12.405
BOUNDING_BOX,DINAMICO,5000,4,32,157,1.580600,1.572000,1.587000,6.068600,3.84,6.322
BOUNDING_BOX,DINAMICO,5000,6,32,157,1.097600,1.095000,1.100000,6.068600,5.53,4.390
BOUNDING_BOX,DINAMICO,5000,8,32,157,0.870400,0.867000,0.872000,6.068600,6.97,3.482
BOUNDING_BOX,DINAMICO,5000,12,32,157,0.634600,0.632000,0.638000,6.068600,9.56,2.538
BOUNDING_BOX,DINAMICO,5000,18,32,157,0.642200,0.642000,0.643000,6.068600,9.45,2.569
BOUNDING_BOX,DINAMICO,5000,24,32,157,0.647600,0.647000,0.648000,6.068600,9.37,2.590
BOUNDING_BOX,DINAMICO,5000,1,64,79,6.123600,6.111000,6.137000,6.068600,0.99,24.494
BOUNDING_BOX,DINAMICO,5000,2,64,79,3.099600,3.091000,3.107000,6.068600,1.96,12.398
BOUNDING_BOX,DINAMICO,5000,4,64,79,1.603200,1.600000,1.605000,6.068600,3.79,6.413
BOUNDING_BOX,DINAMICO,5000,6,64,79,1.112400,1.107000,1.117000,6.068600,5.46,4.450
BOUNDING_BOX,DINAMICO,5000,8,64,79,0.897800,0.896000,0.900000,6.068600,6.76,3.591
BOUNDING_BOX,DINAMICO,5000,12,64,79,0.662400,0.661000,0.663000,6.068600,9.16,2.650
BOUNDING_BOX,DINAMICO,5000,18,64,79,0.666800,0.665000,0.671000,6.068600,9.10,2.667
BOUNDING_BOX,DINAMICO,5000,24,64,79,0.670600,0.669000,0.672000,6.068600,9.05,2.682
BOUNDING_BOX,DINAMICO,5000,1,128,40,6.116800,6.106000,6.124000,6.068600,0.99,24.467
BOUNDING_BOX,DINAMICO,5000,2,128,40,3.164400,3.158000,3.170000,6.068600,1.92,12.658
BOUNDING_BOX,DINAMICO,5000,4,128,40,1.630000,1.620000,1.639000,6.068600,3.72,6.520
BOUNDING_BOX,DINAMICO,5000,6,128,40,1.150000,1.146000,1.162000,6.068600,5.28,4.600
BOUNDING_BOX,DINAMICO,5000,8,128,40,0.920600,0.918000,0.925000,6.068600,6.59,3.682
BOUNDING_BOX,DINAMICO,5000,12,128,40,0.737600,0.736000,0.739000,6.068600,8.23,2.950
BOUNDING_BOX,DINAMICO,5000,18,128,40,0.730600,0.729000,0.732000,6.068600,8.31,2.922
BOUNDING_BOX,DINAMICO,5000,24,128,40,0.735400,0.731000,0.740000,6.068600,8.25,2.942
BOUNDING_BOX,DINAMICO,5000,1,256,20,6.125800,6.108000,6.157000,6.068600,0.99,24.503
BOUNDING_BOX,DINAMICO,5000,2,256,20,3.159600,3.156000,3.168000,6.068600,1.92,12.638
BOUNDING_BOX,DINAMICO,5000,4,256,20,1.618400,1.606000,1.640000,6.068600,3.75,6.474
BOUNDING_BOX,DINAMICO,5000,6,256,20,1.286200,1.285000,1.287000,6.068600,4.72,5.145
BOUNDING_BOX,DINAMICO,5000,8,256,20,1.005800,1.002000,1.010000,6.068600,6.03,4.023
BOUNDING_BOX,DINAMICO,5000,12,256,20,0.752400,0.752000,0.753000,6.068600,8.07,3.010
BOUNDING_BOX,DINAMICO,5000,18,256,20,0.755000,0.754000,0.756000,6.068600,8.04,3.020
BOUNDING_BOX,DINAMICO,5000,24,256,20,0.760000,0.758000,0.762000,6.068600,7.99,3.040
BOUNDING_BOX,DINAMICO,10000,1,1,10000,24.323000,24.204000,24.501000,23.885200,0.98,48.646
BOUNDING_BOX,DINAMICO,10000,2,1,10000,12.276000,12.251000,12.302000,23.885200,1.95,24.552
BOUNDING_BOX,DINAMICO,10000,4,1,10000,6.410600,6.310000,6.522000,23.885200,3.73,12.821
BOUNDING_BOX,DINAMICO,10000,6,1,10000,4.461800,4.324000,4.527000,23.885200,5.35,8.924
BOUNDING_BOX,DINAMICO,10000,8,1,10000,3.474600,3.423000,3.535000,23.885200,6.87,6.949
BOUNDING_BOX,DINAMICO,10000,12,1,10000,2.585200,2.521000,2.634000,23.885200,9.24,5.170
BOUNDING_BOX,DINAMICO,10000,18,1,10000,2.612000,2.492000,2.796000,23.885200,9.14,5.224
BOUNDING_BOX,DINAMICO,10000,24,1,10000,2.539800,2.508000,2.577000,23.885200,9.40,5.080
BOUNDING_BOX,DINAMICO,10000,1,8,1250,24.079000,23.762000,24.364000,23.885200,0.99,48.158
BOUNDING_BOX,DINAMICO,10000,2,8,1250,12.143600,12.110000,12.196000,23.885200,1.97,24.287
BOUNDING_BOX,DINAMICO,10000,4,8,1250,6.143000,6.137000,6.160000,23.885200,3.89,12.286
BOUNDING_BOX,DINAMICO,10000,6,8,1250,4.272200,4.267000,4.279000,23.885200,5.59,8.544
BOUNDING_BOX,DINAMICO,10000,8,8,1250,3.370600,3.367000,3.374000,23.885200,7.09,6.741
BOUNDING_BOX,DINAMICO,10000,12,8,1250,2.415200,2.412000,2.423000,23.885200,9.89,4.830
BOUNDING_BOX,DINAMICO,10000,18,8,1250,2.423000,2.420000,2.431000,23.885200,9.86,4.846
BOUNDING_BOX,DINAMICO,10000,24,8,1250,2.426800,2.423000,2.430000,23.885200,9.84,4.854
BOUNDING_BOX,DINAMICO,10000,1,32,313,23.696200,23.676000,23.732000,23.885200,1.01,47.392
BOUNDING_BOX,DINAMICO,10000,2,32,313,12.141200,12.038000,12.308000,23.885200,1.97,24.282
BOUNDING_BOX,DINAMICO,10000,4,32,313,6.188200,6.163000,6.207000,23.885200,3.86,12.376
BOUNDING_BOX,DINAMICO,10000,6,32,313,4.305400,4.300000,4.316000,23.885200,5.55,8.611
BOUNDING_BOX,DINAMICO,10000,8,32,313,3.396400,3.391000,3.402000,23.885200,7.03,6.793
BOUNDING_BOX,DINAMICO,10000,12,32,313,2.464400,2.443000,2.485000,23.885200,9.69,4.929
BOUNDING_BOX,DINAMICO,10000,18,32,313,2.459800,2.451000,2.476000,23.885200,9.71,4.920
BOUNDING_BOX,DINAMICO,10000,24,32,313,2.470200,2.455000,2.488000,23.885200,9.67,4.940
BOUNDING_BOX,DINAMICO,10000,1,64,157,23.707400,23.659000,23.830000,23.885200,1.01,47.415
BOUNDING_BOX,DINAMICO,10000,2,64,157,12.043200,12.027000,12.083000,23.885200,1.98,24.086
BOUNDING_BOX,DINAMICO,10000,4,64,157,6.189000,6.166000,6.248000,23.885200,3.86,12.378
BOUNDING_BOX,DINAMICO,10000,6,64,157,4.311000,4.304000,4.320000,23.885200,5.54,8.622
BOUNDING_BOX,DINAMICO,10000,8,64,157,3.417200,3.415000,3.421000,23.885200,6.99,6.834
BOUNDING_BOX,DINAMICO,10000,12,64,157,2.438800,2.427000,2.455000,23.885200,9.79,4.878
BOUNDING_BOX,DINAMICO,10000,18,64,157,2.500000,2.457000,2.597000,23.885200,9.55,5.000
BOUNDING_BOX,DINAMICO,10000,24,64,157,2.541200,2.482000,2.611000,23.885200,9.40,5.082
BOUNDING_BOX,DINAMICO,10000,1,128,79,23.706200,23.650000,23.788000,23.885200,1.01,47.412
BOUNDING_BOX,DINAMICO,10000,2,128,79,12.047000,12.030000,12.063000,23.885200,1.98,24.094
BOUNDING_BOX,DINAMICO,10000,4,128,79,6.241600,6.233000,6.247000,23.885200,3.83,12.483
BOUNDING_BOX,DINAMICO,10000,6,128,79,4.383600,4.377000,4.398000,23.885200,5.45,8.767
BOUNDING_BOX,DINAMICO,10000,8,128,79,3.476800,3.473000,3.482000,23.885200,6.87,6.954
BOUNDING_BOX,DINAMICO,10000,12,128,79,2.558800,2.556000,2.563000,23.885200,9.33,5.118
BOUNDING_BOX,DINAMICO,10000,18,128,79,2.557000,2.543000,2.605000,23.885200,9.34,5.114
BOUNDING_BOX,DINAMICO,10000,24,128,79,2.542600,2.539000,2.546000,23.885200,9.39,5.085
BOUNDING_BOX,DINAMICO,10000,1,256,40,23.667000,23.641000,23.696000,23.885200,1.01,47.334
BOUNDING_BOX,DINAMICO,10000,2,256,40,12.272200,12.255000,12.289000,23.885200,1.95,24.544
BOUNDING_BOX,DINAMICO,10000,4,256,40,6.303400,6.271000,6.327000,23.885200,3.79,12.607
BOUNDING_BOX,DINAMICO,10000,6,256,40,4.528800,4.509000,4.550000,23.885200,5.27,9.058
BOUNDING_BOX,DINAMICO,10000,8,256,40,3.538200,3.505000,3.578000,23.885200,6.75,7.076
BOUNDING_BOX,DINAMICO,10000,12,256,40,2.902400,2.874000,2.969000,23.885200,8.23,5.805
BOUNDING_BOX,DINAMICO,10000,18,256,40,2.779000,2.727000,2.817000,23.885200,8.59,5.558
BOUNDING_BOX,DINAMICO,10000,24,256,40,2.777400,2.753000,2.808000,23.885200,8.60,5.555
BOUNDING_BOX,DINAMICO,20000,1,1,20000,92.462800,92.376000,92.569000,92.024200,1.00,92.463
BOUNDING_BOX,DINAMICO,20000,2,1,20000,47.112400,47.031000,47.239000,92.024200,1.95,47.112
BOUNDING_BOX,DINAMICO,20000,4,1,20000,24.001200,23.950000,24.034000,92.024200,3.83,24.001
BOUNDING_BOX,DINAMICO,20000,6,1,20000,16.785000,16.770000,16.799000,92.024200,5.48,16.785
BOUNDING_BOX,DINAMICO,20000,8,1,20000,13.245600,13.230000,13.264000,92.024200,6.95,13.246
BOUNDING_BOX,DINAMICO,20000,12,1,20000,9.454600,9.441000,9.478000,92.024200,9.73,9.455
BOUNDING_BOX,DINAMICO,20000,18,1,20000,9.457600,9.450000,9.462000,92.024200,9.73,9.458
BOUNDING_BOX,DINAMICO,20000,24,1,20000,9.501200,9.470000,9.541000,92.024200,9.69,9.501
BOUNDING_BOX,DINAMICO,20000,1,8,2500,92.780400,92.562000,93.115000,92.024200,0.99,92.780
BOUNDING_BOX,DINAMICO,20000,2,8,2500,46.949400,46.919000,46.974000,92.024200,1.96,46.949
BOUNDING_BOX,DINAMICO,20000,4,8,2500,23.989000,23.977000,24.007000,92.024200,3.84,23.989
BOUNDING_BOX,DINAMICO,20000,6,8,2500,16.783600,16.743000,16.807000,92.024200,5.48,16.784
BOUNDING_BOX,DINAMICO,20000,8,8,2500,13.220800,13.201000,13.243000,92.024200,6.96,13.221
BOUNDING_BOX,DINAMICO,20000,12,8,2500,9.432800,9.425000,9.440000,92.024200,9.76,9.433
BOUNDING_BOX,DINAMICO,20000,18,8,2500,9.445200,9.429000,9.456000,92.024200,9.74,9.445
BOUNDING_BOX,DINAMICO,20000,24,8,2500,9.451200,9.447000,9.455000,92.024200,9.74,9.451
BOUNDING_BOX,DINAMICO,20000,1,32,625,92.905800,92.544000,93.414000,92.024200,0.99,92.906
BOUNDING_BOX,DINAMICO,20000,2,32,625,48.954600,47.731000,50.658000,92.024200,1.88,48.955
BOUNDING_BOX,DINAMICO,20000,4,32,625,24.345400,24.272000,24.410000,92.024200,3.78,24.345
BOUNDING_BOX,DINAMICO,20000,6,32,625,17.026800,16.926000,17.308000,92.024200,5.40,17.027
BOUNDING_BOX,DINAMICO,20000,8,32,625,13.339200,13.326000,13.354000,92.024200,6.90,13.339
BOUNDING_BOX,DINAMICO,20000,12,32,625,9.578000,9.540000,9.619000,92.024200,9.61,9.578
BOUNDING_BOX,DINAMICO,20000,18,32,625,9.564000,9.543000,9.589000,92.024200,9.62,9.564
BOUNDING_BOX,DINAMICO,20000,24,32,625,10.092000,9.586000,10.424000,92.024200,9.12,10.092
BOUNDING_BOX,DINAMICO,20000,1,64,313,93.622400,92.998000,94.785000,92.024200,0.98,93.622
BOUNDING_BOX,DINAMICO,20000,2,64,313,47.459600,47.439000,47.489000,92.024200,1.94,47.460
BOUNDING_BOX,DINAMICO,20000,4,64,313,24.328200,24.230000,24.426000,92.024200,3.78,24.328
BOUNDING_BOX,DINAMICO,20000,6,64,313,17.507200,17.326000,17.840000,92.024200,5.26,17.507
BOUNDING_BOX,DINAMICO,20000,8,64,313,13.636000,13.603000,13.695000,92.024200,6.75,13.636
BOUNDING_BOX,DINAMICO,20000,12,64,313,10.027400,10.003000,10.097000,92.024200,9.18,10.027
BOUNDING_BOX,DINAMICO,20000,18,64,313,10.058600,10.023000,10.089000,92.024200,9.15,10.059
BOUNDING_BOX,DINAMICO,20000,24,64,313,10.034200,10.006000,10.085000,92.024200,9.17,10.034
BOUNDING_BOX,DINAMICO,20000,1,128,157,94.105000,93.218000,95.830000,92.024200,0.98,94.105
BOUNDING_BOX,DINAMICO,20000,2,128,157,48.100200,47.976000,48.322000,92.024200,1.91,48.100
BOUNDING_BOX,DINAMICO,20000,4,128,157,25.094000,24.919000,25.155000,92.024200,3.67,25.094
BOUNDING_BOX,DINAMICO,20000,6,128,157,17.520200,17.331000,17.711000,92.024200,5.25,17.520
BOUNDING_BOX,DINAMICO,20000,8,128,157,13.813400,13.703000,13.920000,92.024200,6.66,13.813
BOUNDING_BOX,DINAMICO,20000,12,128,157,10.132600,10.071000,10.295000,92.024200,9.08,10.133
BOUNDING_BOX,DINAMICO,20000,18,128,157,10.013400,9.839000,10.104000,92.024200,9.19,10.013
BOUNDING_BOX,DINAMICO,20000,24,128,157,9.763000,9.720000,9.803000,92.024200,9.43,9.763
BOUNDING_BOX,DINAMICO,20000,1,256,79,93.258000,93.092000,93.440000,92.024200,0.99,93.258
BOUNDING_BOX,DINAMICO,20000,2,256,79,47.783600,47.486000,47.906000,92.024200,1.93,47.784
BOUNDING_BOX,DINAMICO,20000,4,256,79,24.912600,24.687000,25.200000,92.024200,3.69,24.913
BOUNDING_BOX,DINAMICO,20000,6,256,79,17.202600,17.109000,17.290000,92.024200,5.35,17.203
BOUNDING_BOX,DINAMICO,20000,8,256,79,13.761400,13.664000,13.845000,92.024200,6.69,13.761
BOUNDING_BOX,DINAMICO,20000,12,256,79,10.191200,10.059000,10.356000,92.024200,9.03,10.191
BOUNDING_BOX,DINAMICO,20000,18,256,79,10.221000,10.112000,10.358000,92.024200,9.00,10.221
BOUNDING_BOX,DINAMICO,20000,24,256,79,10.130800,10.058000,10.175000,92.024200,9.08,10.131
GRID,STATICO,2000,1,1,2000,0.129200,0.128000,0.130000,0.128800,1.00,1.292
GRID,STATICO,2000,2,1,2000,0.088600,0.088000,0.089000,0.128800,1.45,0.886
GRID,STATICO,2000,4,1,2000,0.051800,0.051000,0.053000,0.128800,2.49,0.518
GRID,STATICO,2000,6,1,2000,0.039600,0.039000,0.040000,0.128800,3.25,0.396
GRID,STATICO,2000,8,1,2000,0.037400,0.036000,0.038000,0.128800,3.44,0.374
GRID,STATICO,2000,12,1,2000,0.032200,0.032000,0.033000,0.128800,4.00,0.322
GRID,STATICO,2000,18,1,2000,0.040600,0.040000,0.041000,0.128800,3.17,0.406
GRID,STATICO,2000,24,1,2000,0.041800,0.041000,0.043000,0.128800,3.08,0.418
GRID,STATICO,2000,1,8,250,0.128800,0.128000,0.130000,0.128800,1.00,1.288
GRID,STATICO,2000,2,8,250,0.078400,0.078000,0.079000,0.128800,1.64,0.784
GRID,STATICO,2000,4,8,250,0.046200,0.045000,0.048000,0.128800,2.79,0.462
GRID,STATICO,2000,6,8,250,0.036200,0.035000,0.037000,0.128800,3.56,0.362
GRID,STATICO,2000,8,8,250,0.035600,0.035000,0.037000,0.128800,3.62,0.356
GRID,STATICO,2000,12,8,250,0.033200,0.032000,0.034000,0.128800,3.88,0.332
GRID,STATICO,2000,18,8,250,0.041800,0.041000,0.043000,0.128800,3.08,0.418
GRID,STATICO,2000,24,8,250,0.043800,0.043000,0.044000,0.128800,2.94,0.438
GRID,STATICO,2000,1,32,63,0.128600,0.127000,0.130000,0.128800,1.00,1.286
GRID,STATICO,2000,2,32,63,0.077400,0.076000,0.078000,0.128800,1.66,0.774
GRID,STATICO,2000,4,32,63,0.046800,0.046000,0.047000,0.128800,2.75,0.468
GRID,STATICO,2000,6,32,63,0.037200,0.037000,0.038000,0.128800,3.46,0.372
GRID,STATICO,2000,8,32,63,0.036400,0.035000,0.038000,0.128800,3.54,0.364
GRID,STATICO,2000,12,32,63,0.034800,0.033000,0.039000,0.128800,3.70,0.348
GRID,STATICO,2000,18,32,63,0.041800,0.041000,0.043000,0.128800,3.08,0.418
GRID,STATICO,2000,24,32,63,0.048400,0.047000,0.050000,0.128800,2.66,0.484
GRID,STATICO,2000,1,64,32,0.133200,0.129000,0.137000,0.128800,0.97,1.332
GRID,STATICO,2000,2,64,32,0.078200,0.078000,0.079000,0.128800,1.65,0.782
GRID,STATICO,2000,4,64,32,0.045800,0.045000,0.047000,0.128800,2.81,0.458
GRID,STATICO,2000,6,64,32,0.039200,0.038000,0.041000,0.128800,3.29,0.392
GRID,STATICO,2000,8,64,32,0.036200,0.035000,0.037000,0.128800,3.56,0.362
GRID,STATICO,2000,12,64,32,0.035000,0.034000,0.036000,0.128800,3.68,0.350
GRID,STATICO,2000,18,64,32,0.042600,0.042000,0.043000,0.128800,3.02,0.426
GRID,STATICO,2000,24,64,32,0.047200,0.046000,0.048000,0.128800,2.73,0.472
GRID,STATICO,2000,1,128,16,0.128400,0.128000,0.129000,0.128800,1.00,1.284
GRID,STATICO,2000,2,128,16,0.078200,0.077000,0.079000,0.128800,1.65,0.782
GRID,STATICO,2000,4,128,16,0.046200,0.045000,0.047000,0.128800,2.79,0.462
GRID,STATICO,2000,6,128,16,0.039600,0.039000,0.041000,0.128800,3.25,0.396
GRID,STATICO,2000,8,128,16,0.036000,0.035000,0.037000,0.128800,3.58,0.360
GRID,STATICO,2000,12,128,16,0.039200,0.038000,0.042000,0.128800,3.29,0.392
GRID,STATICO,2000,18,128,16,0.043400,0.043000,0.044000,0.128800,2.97,0.434
GRID,STATICO,2000,24,128,16,0.048600,0.048000,0.050000,0.128800,2.65,0.486
GRID,STATICO,2000,1,256,8,0.129000,0.128000,0.130000,0.128800,1.00,1.290
GRID,STATICO,2000,2,256,8,0.077200,0.077000,0.078000,0.128800,1.67,0.772
GRID,STATICO,2000,4,256,8,0.046400,0.046000,0.047000,0.128800,2.78,0.464
GRID,STATICO,2000,6,256,8,0.047000,0.046000,0.048000,0.128800,2.74,0.470
GRID,STATICO,2000,8,256,8,0.036200,0.035000,0.037000,0.128800,3.56,0.362
GRID,STATICO,2000,12,256,8,0.039800,0.039000,0.041000,0.128800,3.24,0.398
GRID,STATICO,2000,18,256,8,0.045800,0.045000,0.047000,0.128800,2.81,0.458
GRID,STATICO,2000,24,256,8,0.051400,0.050000,0.053000,0.128800,2.51,0.514
GRID,STATICO,5000,1,1,5000,0.680200,0.678000,0.682000,0.675400,0.99,2.721
GRID,STATICO,5000,2,1,5000,0.403600,0.401000,0.409000,0.675400,1.67,1.614
GRID,STATICO,5000,4,1,5000,0.214200,0.213000,0.215000,0.675400,3.15,0.857
GRID,STATICO,5000,6,1,5000,0.153400,0.152000,0.156000,0.675400,4.40,0.614
GRID,STATICO,5000,8,1,5000,0.135800,0.135000,0.137000,0.675400,4.97,0.543
GRID,STATICO,5000,12,1,5000,0.102600,0.100000,0.105000,0.675400,6.58,0.410
GRID,STATICO,5000,18,1,5000,0.126600,0.126000,0.127000,0.675400,5.33,0.506
GRID,STATICO,5000,24,1,5000,0.111800,0.108000,0.117000,0.675400,6.04,0.447
GRID,STATICO,5000,1,8,625,0.680200,0.677000,0.683000,0.675400,0.99,2.721
GRID,STATICO,5000,2,8,625,0.376200,0.374000,0.378000,0.675400,1.80,1.505
GRID,STATICO,5000,4,8,625,0.199400,0.198000,0.200000,0.675400,3.39,0.798
GRID,STATICO,5000,6,8,625,0.145000,0.144000,0.147000,0.675400,4.66,0.580
GRID,STATICO,5000,8,8,625,0.129200,0.128000,0.130000,0.675400,5.23,0.517
GRID,STATICO,5000,12,8,625,0.099600,0.097000,0.103000,0.675400,6.78,0.398
GRID,STATICO,5000,18,8,625,0.123200,0.121000,0.125000,0.675400,5.48,0.493
GRID,STATICO,5000,24,8,625,0.110400,0.109000,0.112000,0.675400,6.12,0.442
GRID,STATICO,5000,1,32,157,0.682600,0.679000,0.685000,0.675400,0.99,2.730
GRID,STATICO,5000,2,32,157,0.375000,0.372000,0.379000,0.675400,1.80,1.500
GRID,STATICO,5000,4,32,157,0.202600,0.200000,0.206000,0.675400,3.33,0.810
GRID,STATICO,5000,6,32,157,0.144600,0.143000,0.146000,0.675400,4.67,0.578
GRID,STATICO,5000,8,32,157,0.130400,0.130000,0.131000,0.675400,5.18,0.522
GRID,STATICO,5000,12,32,157,0.100800,0.097000,0.105000,0.675400,6.70,0.403
GRID,STATICO,5000,18,32,157,0.123600,0.122000,0.125000,0.675400,5.46,0.494
GRID,STATICO,5000,24,32,157,0.114200,0.113000,0.116000,0.675400,5.91,0.457
GRID,STATICO,5000,1,64,79,0.680400,0.677000,0.684000,0.675400,0.99,2.722
GRID,STATICO,5000,2,64,79,0.375400,0.375000,0.376000,0.675400,1.80,1.502
GRID,STATICO,5000,4,64,79,0.203800,0.203000,0.205000,0.675400,3.31,0.815
GRID,STATICO,5000,6,64,79,0.143800,0.142000,0.146000,0.675400,4.70,0.575
GRID,STATICO,5000,8,64,79,0.130800,0.130000,0.131000,0.675400,5.16,0.523
GRID,STATICO,5000,12,64,79,0.105400,0.104000,0.109000,0.675400,6.41,0.422
GRID,STATICO,5000,18,64,79,0.126000,0.125000,0.127000,0.675400,5.36,0.504
GRID,STATICO,5000,24,64,79,0.121400,0.121000,0.122000,0.675400,5.56,0.486
GRID,STATICO,5000,1,128,40,0.681800,0.680000,0.686000,0.675400,0.99,2.727
GRID,STATICO,5000,2,128,40,0.384200,0.383000,0.386000,0.675400,1.76,1.537
GRID,STATICO,5000,4,128,40,0.204200,0.202000,0.206000,0.675400,3.31,0.817
GRID,STATICO,5000,6,128,40,0.152800,0.151000,0.155000,0.675400,4.42,0.611
GRID,STATICO,5000,8,128,40,0.131200,0.130000,0.132000,0.675400,5.15,0.525
GRID,STATICO,5000,12,128,40,0.112600,0.111000,0.116000,0.675400,6.00,0.450
GRID,STATICO,5000,18,128,40,0.132600,0.131000,0.133000,0.675400,5.09,0.530
GRID,STATICO,5000,24,128,40,0.121800,0.120000,0.123000,0.675400,5.55,0.487
GRID,STATICO,5000,1,256,20,0.681200,0.677000,0.686000,0.675400,0.99,2.725
GRID,STATICO,5000,2,256,20,0.379200,0.377000,0.382000,0.675400,1.78,1.517
GRID,STATICO,5000,4,256,20,0.201600,0.201000,0.202000,0.675400,3.35,0.806
GRID,STATICO,5000,6,256,20,0.165400,0.165000,0.166000,0.675400,4.08,0.662
GRID,STATICO,5000,8,256,20,0.145400,0.145000,0.146000,0.675400,4.65,0.582
GRID,STATICO,5000,12,256,20,0.113600,0.112000,0.115000,0.675400,5.95,0.454
GRID,STATICO,5000,18,256,20,0.148800,0.148000,0.150000,0.675400,4.54,0.595
GRID,STATICO,5000,24,256,20,0.122800,0.122000,0.123000,0.675400,5.50,0.491
GRID,STATICO,10000,1,1,10000,2.553000,2.542000,2.562000,2.529400,0.99,5.106
GRID,STATICO,10000,2,1,10000,1.369600,1.367000,1.373000,2.529400,1.85,2.739
GRID,STATICO,10000,4,1,10000,0.737000,0.734000,0.741000,2.529400,3.43,1.474
GRID,STATICO,10000,6,1,10000,0.526800,0.521000,0.531000,2.529400,4.80,1.054
GRID,STATICO,10000,8,1,10000,0.437600,0.436000,0.439000,2.529400,5.78,0.875
GRID,STATICO,10000,12,1,10000,0.321200,0.314000,0.341000,2.529400,7.87,0.642
GRID,STATICO,10000,18,1,10000,0.392800,0.391000,0.395000,2.529400,6.44,0.786
GRID,STATICO,10000,24,1,10000,0.332000,0.331000,0.334000,2.529400,7.62,0.664
GRID,STATICO,10000,1,8,1250,2.547200,2.542000,2.554000,2.529400,0.99,5.094
GRID,STATICO,10000,2,8,1250,1.338600,1.334000,1.347000,2.529400,1.89,2.677
GRID,STATICO,10000,4,8,1250,0.711200,0.706000,0.716000,2.529400,3.56,1.422
GRID,STATICO,10000,6,8,1250,0.508200,0.503000,0.514000,2.529400,4.98,1.016
GRID,STATICO,10000,8,8,1250,0.422400,0.421000,0.424000,2.529400,5.99,0.845
GRID,STATICO,10000,12,8,1250,0.307600,0.301000,0.311000,2.529400,8.22,0.615
GRID,STATICO,10000,18,8,1250,0.378600,0.377000,0.380000,2.529400,6.68,0.757
GRID,STATICO,10000,24,8,1250,0.328600,0.322000,0.334000,2.529400,7.70,0.657
GRID,STATICO,10000,1,32,313,2.553600,2.547000,2.567000,2.529400,0.99,5.107
GRID,STATICO,10000,2,32,313,1.335200,1.332000,1.343000,2.529400,1.89,2.670
GRID,STATICO,10000,4,32,313,0.707400,0.703000,0.710000,2.529400,3.58,1.415
GRID,STATICO,10000,6,32,313,0.507200,0.506000,0.511000,2.529400,4.99,1.014
GRID,STATICO,10000,8,32,313,0.421000,0.420000,0.424000,2.529400,6.01,0.842
GRID,STATICO,10000,12,32,313,0.308400,0.307000,0.313000,2.529400,8.20,0.617
GRID,STATICO,10000,18,32,313,0.382400,0.381000,0.385000,2.529400,6.61,0.765
GRID,STATICO,10000,24,32,313,0.333800,0.328000,0.341000,2.529400,7.58,0.668
GRID,STATICO,10000,1,64,157,2.544600,2.537000,2.551000,2.529400,0.99,5.089
GRID,STATICO,10000,2,64,157,1.332800,1.331000,1.334000,2.529400,1.90,2.666
GRID,STATICO,10000,4,64,157,0.711200,0.706000,0.715000,2.529400,3.56,1.422
GRID,STATICO,10000,6,64,157,0.501800,0.499000,0.509000,2.529400,5.04,1.004
GRID,STATICO,10000,8,64,157,0.422200,0.420000,0.424000,2.529400,5.99,0.844
GRID,STATICO,10000,12,64,157,0.307200,0.304000,0.310000,2.529400,8.23,0.614
GRID,STATICO,10000,18,64,157,0.383400,0.380000,0.387000,2.529400,6.60,0.767
GRID,STATICO,10000,24,64,157,0.352400,0.333000,0.400000,2.529400,7.18,0.705
GRID,STATICO,10000,1,128,79,2.552000,2.546000,2.557000,2.529400,0.99,5.104
GRID,STATICO,10000,2,128,79,1.341600,1.338000,1.352000,2.529400,1.89,2.683
GRID,STATICO,10000,4,128,79,0.716600,0.712000,0.727000,2.529400,3.53,1.433
GRID,STATICO,10000,6,128,79,0.503600,0.501000,0.508000,2.529400,5.02,1.007
GRID,STATICO,10000,8,128,79,0.425600,0.424000,0.427000,2.529400,5.94,0.851
GRID,STATICO,10000,12,128,79,0.319600,0.316000,0.325000,2.529400,7.91,0.639
GRID,STATICO,10000,18,128,79,0.388800,0.388000,0.390000,2.529400,6.51,0.778
GRID,STATICO,10000,24,128,79,0.363000,0.357000,0.368000,2.529400,6.97,0.726
GRID,STATICO,10000,1,256,40,2.548400,2.542000,2.557000,2.529400,0.99,5.097
GRID,STATICO,10000,2,256,40,1.348800,1.346000,1.354000,2.529400,1.88,2.698
GRID,STATICO,10000,4,256,40,0.712600,0.711000,0.715000,2.529400,3.55,1.425
GRID,STATICO,10000,6,256,40,0.529800,0.527000,0.536000,2.529400,4.77,1.060
GRID,STATICO,10000,8,256,40,0.429200,0.425000,0.433000,2.529400,5.89,0.858
GRID,STATICO,10000,12,256,40,0.364800,0.347000,0.385000,2.529400,6.93,0.730
GRID,STATICO,10000,18,256,40,0.421200,0.417000,0.427000,2.529400,6.01,0.842
GRID,STATICO,10000,24,256,40,0.362600,0.360000,0.366000,2.529400,6.98,0.725
GRID,STATICO,20000,1,1,20000,9.998400,9.929000,10.063000,9.847000,0.98,9.998
GRID,STATICO,20000,2,1,20000,5.331400,5.311000,5.375000,9.847000,1.85,5.331
GRID,STATICO,20000,4,1,20000,2.868000,2.840000,2.895000,9.847000,3.43,2.868
GRID,STATICO,20000,6,1,20000,2.089800,2.064000,2.140000,9.847000,4.71,2.090
GRID,STATICO,20000,8,1,20000,1.665400,1.647000,1.688000,9.847000,5.91,1.665
GRID,STATICO,20000,12,1,20000,1.373400,1.347000,1.398000,9.847000,7.17,1.373
GRID,STATICO,20000,18,1,20000,1.510000,1.452000,1.588000,9.847000,6.52,1.510
GRID,STATICO,20000,24,1,20000,1.429200,1.391000,1.490000,9.847000,6.89,1.429
GRID,STATICO,20000,1,8,2500,10.069000,9.905000,10.337000,9.847000,0.98,10.069
GRID,STATICO,20000,2,8,2500,5.131400,5.060000,5.252000,9.847000,1.92,5.131
GRID,STATICO,20000,4,8,2500,2.734600,2.721000,2.758000,9.847000,3.60,2.735
GRID,STATICO,20000,6,8,2500,1.982400,1.979000,1.986000,9.847000,4.97,1.982
GRID,STATICO,20000,8,8,2500,1.576200,1.572000,1.585000,9.847000,6.25,1.576
GRID,STATICO,20000,12,8,2500,1.308600,1.279000,1.370000,9.847000,7.52,1.309
GRID,STATICO,20000,18,8,2500,1.399800,1.386000,1.411000,9.847000,7.03,1.400
GRID,STATICO,20000,24,8,2500,1.301000,1.287000,1.317000,9.847000,7.57,1.301
GRID,STATICO,20000,1,32,625,9.904800,9.888000,9.931000,9.847000,0.99,9.905
GRID,STATICO,20000,2,32,625,5.105000,5.064000,5.151000,9.847000,1.93,5.105
GRID,STATICO,20000,4,32,625,2.733600,2.727000,2.738000,9.847000,3.60,2.734
GRID,STATICO,20000,6,32,625,1.980600,1.968000,2.010000,9.847000,4.97,1.981
GRID,STATICO,20000,8,32,625,1.567400,1.562000,1.572000,9.847000,6.28,1.567
GRID,STATICO,20000,12,32,625,1.302200,1.280000,1.345000,9.847000,7.56,1.302
GRID,STATICO,20000,18,32,625,1.414800,1.390000,1.491000,9.847000,6.96,1.415
GRID,STATICO,20000,24,32,625,1.317400,1.303000,1.325000,9.847000,7.47,1.317
GRID,STATICO,20000,1,64,313,9.922200,9.877000,9.982000,9.847000,0.99,9.922
GRID,STATICO,20000,2,64,313,5.092000,5.069000,5.111000,9.847000,1.93,5.092
GRID,STATICO,20000,4,64,313,2.740400,2.723000,2.769000,9.847000,3.59,2.740
GRID,STATICO,20000,6,64,313,1.972000,1.958000,1.996000,9.847000,4.99,1.972
GRID,STATICO,20000,8,64,313,1.581600,1.568000,1.623000,9.847000,6.23,1.582
GRID,STATICO,20000,12,64,313,1.286000,1.281000,1.290000,9.847000,7.66,1.286
GRID,STATICO,20000,18,64,313,1.406200,1.392000,1.413000,9.847000,7.00,1.406
GRID,STATICO,20000,24,64,313,1.315800,1.300000,1.331000,9.847000,7.48,1.316
GRID,STATICO,20000,1,128,157,9.896800,9.880000,9.926000,9.847000,0.99,9.897
GRID,STATICO,20000,2,128,157,5.111200,5.082000,5.145000,9.847000,1.93,5.111
GRID,STATICO,20000,4,128,157,2.735000,2.699000,2.768000,9.847000,3.60,2.735
GRID,STATICO,20000,6,128,157,1.980200,1.972000,1.989000,9.847000,4.97,1.980
GRID,STATICO,20000,8,128,157,1.587000,1.580000,1.595000,9.847000,6.20,1.587
GRID,STATICO,20000,12,128,157,1.297800,1.280000,1.349000,9.847000,7.59,1.298
GRID,STATICO,20000,18,128,157,1.450800,1.407000,1.613000,9.847000,6.79,1.451
GRID,STATICO,20000,24,128,157,1.323200,1.303000,1.334000,9.847000,7.44,1.323
GRID,STATICO,20000,1,256,79,9.765000,9.681000,9.871000,9.847000,1.01,9.765
GRID,STATICO,20000,2,256,79,5.025800,4.982000,5.076000,9.847000,1.96,5.026
GRID,STATICO,20000,4,256,79,2.648000,2.641000,2.664000,9.847000,3.72,2.648
GRID,STATICO,20000,6,256,79,1.924400,1.915000,1.936000,9.847000,5.12,1.924
GRID,STATICO,20000,8,256,79,1.568000,1.565000,1.573000,9.847000,6.28,1.568
GRID,STATICO,20000,12,256,79,1.302800,1.157000,1.548000,9.847000,7.56,1.303
GRID,STATICO,20000,18,256,79,1.386600,1.378000,1.393000,9.847000,7.10,1.387
GRID,STATICO,20000,24,256,79,1.283600,1.275000,1.291000,9.847000,7.67,1.284
GRID,DINAMICO,2000,1,1,2000,0.136200,0.135000,0.137000,0.126800,0.93,1.362
GRID,DINAMICO,2000,2,1,2000,0.095200,0.094000,0.096000,0.126800,1.33,0.952
GRID,DINAMICO,2000,4,1,2000,0.054200,0.053000,0.055000,0.126800,2.34,0.542
GRID,DINAMICO,2000,6,1,2000,0.042200,0.042000,0.043000,0.126800,3.00,0.422
GRID,DINAMICO,2000,8,1,2000,0.038000,0.037000,0.039000,0.126800,3.34,0.380
GRID,DINAMICO,2000,12,1,2000,0.034000,0.033000,0.035000,0.126800,3.73,0.340
GRID,DINAMICO,2000,18,1,2000,0.042800,0.040000,0.049000,0.126800,2.96,0.428
GRID,DINAMICO,2000,24,1,2000,0.045600,0.045000,0.046000,0.126800,2.78,0.456
GRID,DINAMICO,2000,1,8,250,0.129200,0.128000,0.130000,0.126800,0.98,1.292
GRID,DINAMICO,2000,2,8,250,0.079200,0.078000,0.080000,0.126800,1.60,0.792
GRID,DINAMICO,2000,4,8,250,0.045200,0.045000,0.046000,0.126800,2.81,0.452
GRID,DINAMICO,2000,6,8,250,0.035200,0.035000,0.036000,0.126800,3.60,0.352
GRID,DINAMICO,2000,8,8,250,0.032600,0.032000,0.033000,0.126800,3.89,0.326
GRID,DINAMICO,2000,12,8,250,0.032400,0.032000,0.033000,0.126800,3.91,0.324
GRID,DINAMICO,2000,18,8,250,0.037600,0.037000,0.038000,0.126800,3.37,0.376
GRID,DINAMICO,2000,24,8,250,0.042800,0.042000,0.043000,0.126800,2.96,0.428
GRID,DINAMICO,2000,1,32,63,0.128000,0.127000,0.129000,0.126800,0.99,1.280
GRID,DINAMICO,2000,2,32,63,0.076800,0.076000,0.078000,0.126800,1.65,0.768
GRID,DINAMICO,2000,4,32,63,0.043800,0.043000,0.044000,0.126800,2.89,0.438
GRID,DINAMICO,2000,6,32,63,0.035800,0.035000,0.037000,0.126800,3.54,0.358
GRID,DINAMICO,2000,8,32,63,0.034400,0.034000,0.036000,0.126800,3.69,0.344
GRID,DINAMICO,2000,12,32,63,0.033400,0.033000,0.034000,0.126800,3.80,0.334
GRID,DINAMICO,2000,18,32,63,0.038400,0.038000,0.039000,0.126800,3.30,0.384
GRID,DINAMICO,2000,24,32,63,0.044200,0.043000,0.045000,0.126800,2.87,0.442
GRID,DINAMICO,2000,1,64,32,0.127200,0.126000,0.128000,0.126800,1.00,1.272
GRID,DINAMICO,2000,2,64,32,0.077000,0.076000,0.078000,0.126800,1.65,0.770
GRID,DINAMICO,2000,4,64,32,0.044600,0.044000,0.046000,0.126800,2.84,0.446
GRID,DINAMICO,2000,6,64,32,0.038400,0.038000,0.039000,0.126800,3.30,0.384
GRID,DINAMICO,2000,8,64,32,0.035200,0.035000,0.036000,0.126800,3.60,0.352
GRID,DINAMICO,2000,12,64,32,0.033600,0.033000,0.034000,0.126800,3.77,0.336
GRID,DINAMICO,2000,18,64,32,0.039000,0.039000,0.039000,0.126800,3.25,0.390
GRID,DINAMICO,2000,24,64,32,0.044200,0.044000,0.045000,0.126800,2.87,0.442
GRID,DINAMICO,2000,1,128,16,0.128000,0.127000,0.129000,0.126800,0.99,1.280
GRID,DINAMICO,2000,2,128,16,0.077600,0.077000,0.078000,0.126800,1.63,0.776
GRID,DINAMICO,2000,4,128,16,0.044800,0.044000,0.046000,0.126800,2.83,0.448
GRID,DINAMICO,2000,6,128,16,0.038800,0.038000,0.039000,0.126800,3.27,0.388
GRID,DINAMICO,2000,8,128,16,0.035600,0.035000,0.036000,0.126800,3.56,0.356
GRID,DINAMICO,2000,12,128,16,0.038200,0.037000,0.039000,0.126800,3.32,0.382
GRID,DINAMICO,2000,18,128,16,0.043600,0.043000,0.044000,0.126800,2.91,0.436
GRID,DINAMICO,2000,24,128,16,0.050000,0.049000,0.051000,0.126800,2.54,0.500
GRID,DINAMICO,2000,1,256,8,0.127600,0.127000,0.129000,0.126800,0.99,1.276
GRID,DINAMICO,2000,2,256,8,0.076600,0.076000,0.078000,0.126800,1.66,0.766
GRID,DINAMICO,2000,4,256,8,0.047400,0.046000,0.049000,0.126800,2.68,0.474
GRID,DINAMICO,2000,6,256,8,0.047400,0.046000,0.049000,0.126800,2.68,0.474
GRID,DINAMICO,2000,8,256,8,0.036600,0.036000,0.037000,0.126800,3.46,0.366
GRID,DINAMICO,2000,12,256,8,0.038800,0.038000,0.039000,0.126800,3.27,0.388
GRID,DINAMICO,2000,18,256,8,0.044000,0.044000,0.044000,0.126800,2.88,0.440
GRID,DINAMICO,2000,24,256,8,0.049400,0.049000,0.050000,0.126800,2.57,0.494
GRID,DINAMICO,5000,1,1,5000,0.701400,0.699000,0.703000,0.670600,0.96,2.806
GRID,DINAMICO,5000,2,1,5000,0.418000,0.417000,0.420000,0.670600,1.60,1.672
GRID,DINAMICO,5000,4,1,5000,0.219800,0.219000,0.220000,0.670600,3.05,0.879
GRID,DINAMICO,5000,6,1,5000,0.156800,0.156000,0.158000,0.670600,4.28,0.627
GRID,DINAMICO,5000,8,1,5000,0.130800,0.129000,0.132000,0.670600,5.13,0.523
GRID,DINAMICO,5000,12,1,5000,0.102800,0.102000,0.103000,0.670600,6.52,0.411
GRID,DINAMICO,5000,18,1,5000,0.110400,0.110000,0.111000,0.670600,6.07,0.442
GRID,DINAMICO,5000,24,1,5000,0.114600,0.113000,0.115000,0.670600,5.85,0.458
GRID,DINAMICO,5000,1,8,625,0.680000,0.679000,0.681000,0.670600,0.99,2.720
GRID,DINAMICO,5000,2,8,625,0.375000,0.374000,0.376000,0.670600,1.79,1.500
GRID,DINAMICO,5000,4,8,625,0.196200,0.195000,0.197000,0.670600,3.42,0.785
GRID,DINAMICO,5000,6,8,625,0.139000,0.138000,0.140000,0.670600,4.82,0.556
GRID,DINAMICO,5000,8,8,625,0.118000,0.118000,0.118000,0.670600,5.68,0.472
GRID,DINAMICO,5000,12,8,625,0.094600,0.093000,0.096000,0.670600,7.09,0.378
GRID,DINAMICO,5000,18,8,625,0.101600,0.101000,0.102000,0.670600,6.60,0.406
GRID,DINAMICO,5000,24,8,625,0.106000,0.105000,0.107000,0.670600,6.33,0.424
GRID,DINAMICO,5000,1,32,157,0.678200,0.676000,0.682000,0.670600,0.99,2.713
GRID,DINAMICO,5000,2,32,157,0.371200,0.370000,0.372000,0.670600,1.81,1.485
GRID,DINAMICO,5000,4,32,157,0.193400,0.192000,0.194000,0.670600,3.47,0.774
GRID,DINAMICO,5000,6,32,157,0.139000,0.138000,0.140000,0.670600,4.82,0.556
GRID,DINAMICO,5000,8,32,157,0.119400,0.118000,0.122000,0.670600,5.62,0.478
GRID,DINAMICO,5000,12,32,157,0.096800,0.095000,0.098000,0.670600,6.93,0.387
GRID,DINAMICO,5000,18,32,157,0.101600,0.101000,0.102000,0.670600,6.60,0.406
GRID,DINAMICO,5000,24,32,157,0.107400,0.106000,0.108000,0.670600,6.24,0.430
GRID,DINAMICO,5000,1,64,79,0.680000,0.677000,0.685000,0.670600,0.99,2.720
GRID,DINAMICO,5000,2,64,79,0.370400,0.370000,0.371000,0.670600,1.81,1.482
GRID,DINAMICO,5000,4,64,79,0.196800,0.196000,0.199000,0.670600,3.41,0.787
GRID,DINAMICO,5000,6,64,79,0.138800,0.138000,0.139000,0.670600,4.83,0.555
GRID,DINAMICO,5000,8,64,79,0.120600,0.120000,0.121000,0.670600,5.56,0.482
GRID,DINAMICO,5000,12,64,79,0.100200,0.100000,0.101000,0.670600,6.69,0.401
GRID,DINAMICO,5000,18,64,79,0.105200,0.104000,0.106000,0.670600,6.37,0.421
GRID,DINAMICO,5000,24,64,79,0.110600,0.110000,0.111000,0.670600,6.06,0.442
GRID,DINAMICO,5000,1,128,40,0.676400,0.676000,0.677000,0.670600,0.99,2.706
GRID,DINAMICO,5000,2,128,40,0.375400,0.375000,0.377000,0.670600,1.79,1.502
GRID,DINAMICO,5000,4,128,40,0.198200,0.197000,0.199000,0.670600,3.38,0.793
GRID,DINAMICO,5000,6,128,40,0.145800,0.145000,0.146000,0.670600,4.60,0.583
GRID,DINAMICO,5000,8,128,40,0.129600,0.129000,0.130000,0.670600,5.17,0.518
GRID,DINAMICO,5000,12,128,40,0.116400,0.107000,0.132000,0.670600,5.76,0.466
GRID,DINAMICO,5000,18,128,40,0.125400,0.115000,0.149000,0.670600,5.35,0.502
GRID,DINAMICO,5000,24,128,40,0.120800,0.119000,0.123000,0.670600,5.55,0.483
GRID,DINAMICO,5000,1,256,20,0.689800,0.681000,0.705000,0.670600,0.97,2.759
GRID,DINAMICO,5000,2,256,20,0.375400,0.374000,0.376000,0.670600,1.79,1.502
GRID,DINAMICO,5000,4,256,20,0.196800,0.196000,0.198000,0.670600,3.41,0.787
GRID,DINAMICO,5000,6,256,20,0.160600,0.160000,0.162000,0.670600,4.18,0.642
GRID,DINAMICO,5000,8,256,20,0.131600,0.131000,0.132000,0.670600,5.10,0.526
GRID,DINAMICO,5000,12,256,20,0.111400,0.111000,0.112000,0.670600,6.02,0.446
GRID,DINAMICO,5000,18,256,20,0.116600,0.116000,0.117000,0.670600,5.75,0.466
GRID,DINAMICO,5000,24,256,20,0.122000,0.121000,0.123000,0.670600,5.50,0.488
GRID,DINAMICO,10000,1,1,10000,2.590000,2.585000,2.594000,2.516400,0.97,5.180
GRID,DINAMICO,10000,2,1,10000,1.373600,1.369000,1.377000,2.516400,1.83,2.747
GRID,DINAMICO,10000,4,1,10000,0.741200,0.737000,0.751000,2.516400,3.40,1.482
GRID,DINAMICO,10000,6,1,10000,0.519800,0.519000,0.522000,2.516400,4.84,1.040
GRID,DINAMICO,10000,8,1,10000,0.419400,0.419000,0.420000,2.516400,6.00,0.839
GRID,DINAMICO,10000,12,1,10000,0.312800,0.312000,0.313000,2.516400,8.04,0.626
GRID,DINAMICO,10000,18,1,10000,0.319800,0.318000,0.321000,2.516400,7.87,0.640
GRID,DINAMICO,10000,24,1,10000,0.324800,0.323000,0.326000,2.516400,7.75,0.650
GRID,DINAMICO,10000,1,8,1250,2.554000,2.552000,2.556000,2.516400,0.99,5.108
GRID,DINAMICO,10000,2,8,1250,1.328800,1.325000,1.334000,2.516400,1.89,2.658
GRID,DINAMICO,10000,4,8,1250,0.692400,0.689000,0.698000,2.516400,3.63,1.385
GRID,DINAMICO,10000,6,8,1250,0.487400,0.483000,0.501000,2.516400,5.16,0.975
GRID,DINAMICO,10000,8,8,1250,0.394000,0.393000,0.395000,2.516400,6.39,0.788
GRID,DINAMICO,10000,12,8,1250,0.296400,0.296000,0.297000,2.516400,8.49,0.593
GRID,DINAMICO,10000,18,8,1250,0.304000,0.303000,0.306000,2.516400,8.28,0.608
GRID,DINAMICO,10000,24,8,1250,0.308200,0.307000,0.309000,2.516400,8.16,0.616
GRID,DINAMICO,10000,1,32,313,2.544000,2.538000,2.557000,2.516400,0.99,5.088
GRID,DINAMICO,10000,2,32,313,1.331800,1.322000,1.341000,2.516400,1.89,2.664
GRID,DINAMICO,10000,4,32,313,0.692600,0.691000,0.695000,2.516400,3.63,1.385
GRID,DINAMICO,10000,6,32,313,0.485000,0.484000,0.486000,2.516400,5.19,0.970
GRID,DINAMICO,10000,8,32,313,0.394600,0.394000,0.395000,2.516400,6.38,0.789
GRID,DINAMICO,10000,12,32,313,0.298600,0.298000,0.299000,2.516400,8.43,0.597
GRID,DINAMICO,10000,18,32,313,0.304600,0.304000,0.306000,2.516400,8.26,0.609
GRID,DINAMICO,10000,24,32,313,0.314000,0.309000,0.329000,2.516400,8.01,0.628
GRID,DINAMICO,10000,1,64,157,2.548600,2.542000,2.557000,2.516400,0.99,5.097
GRID,DINAMICO,10000,2,64,157,1.324000,1.322000,1.325000,2.516400,1.90,2.648
GRID,DINAMICO,10000,4,64,157,0.694200,0.690000,0.698000,2.516400,3.62,1.388
GRID,DINAMICO,10000,6,64,157,0.486800,0.486000,0.488000,2.516400,5.17,0.974
GRID,DINAMICO,10000,8,64,157,0.396200,0.396000,0.397000,2.516400,6.35,0.792
GRID,DINAMICO,10000,12,64,157,0.300600,0.300000,0.301000,2.516400,8.37,0.601
GRID,DINAMICO,10000,18,64,157,0.306800,0.306000,0.308000,2.516400,8.20,0.614
GRID,DINAMICO,10000,24,64,157,0.312400,0.312000,0.313000,2.516400,8.06,0.625
GRID,DINAMICO,10000,1,128,79,2.551200,2.545000,2.558000,2.516400,0.99,5.102
GRID,DINAMICO,10000,2,128,79,1.323800,1.320000,1.326000,2.516400,1.90,2.648
GRID,DINAMICO,10000,4,128,79,0.694800,0.693000,0.697000,2.516400,3.62,1.390
GRID,DINAMICO,10000,6,128,79,0.491800,0.490000,0.493000,2.516400,5.12,0.984
GRID,DINAMICO,10000,8,128,79,0.403600,0.402000,0.405000,2.516400,6.23,0.807
GRID,DINAMICO,10000,12,128,79,0.313200,0.310000,0.320000,2.516400,8.03,0.626
GRID,DINAMICO,10000,18,128,79,0.316000,0.315000,0.317000,2.516400,7.96,0.632
GRID,DINAMICO,10000,24,128,79,0.323200,0.320000,0.330000,2.516400,7.79,0.646
GRID,DINAMICO,10000,1,256,40,2.548800,2.541000,2.554000,2.516400,0.99,5.098
GRID,DINAMICO,10000,2,256,40,1.343000,1.339000,1.349000,2.516400,1.87,2.686
GRID,DINAMICO,10000,4,256,40,0.700000,0.698000,0.703000,2.516400,3.59,1.400
GRID,DINAMICO,10000,6,256,40,0.504200,0.503000,0.505000,2.516400,4.99,1.008
GRID,DINAMICO,10000,8,256,40,0.420400,0.418000,0.422000,2.516400,5.99,0.841
GRID,DINAMICO,10000,12,256,40,0.341800,0.341000,0.342000,2.516400,7.36,0.684
GRID,DINAMICO,10000,18,256,40,0.345200,0.345000,0.346000,2.516400,7.29,0.690
GRID,DINAMICO,10000,24,256,40,0.350000,0.349000,0.351000,2.516400,7.19,0.700
GRID,DINAMICO,20000,1,1,20000,10.059400,10.044000,10.074000,9.794000,0.97,10.059
GRID,DINAMICO,20000,2,1,20000,5.199400,5.183000,5.213000,9.794000,1.88,5.199
GRID,DINAMICO,20000,4,1,20000,2.722400,2.715000,2.730000,9.794000,3.60,2.722
GRID,DINAMICO,20000,6,1,20000,1.924400,1.917000,1.936000,9.794000,5.09,1.924
GRID,DINAMICO,20000,8,1,20000,1.552000,1.550000,1.558000,9.794000,6.31,1.552
GRID,DINAMICO,20000,12,1,20000,1.146600,1.138000,1.168000,9.794000,8.54,1.147
GRID,DINAMICO,20000,18,1,20000,1.163200,1.148000,1.185000,9.794000,8.42,1.163
GRID,DINAMICO,20000,24,1,20000,1.163800,1.150000,1.207000,9.794000,8.42,1.164
GRID,DINAMICO,20000,1,8,2500,9.963200,9.954000,9.974000,9.794000,0.98,9.963
GRID,DINAMICO,20000,2,8,2500,5.116800,5.098000,5.125000,9.794000,1.91,5.117
GRID,DINAMICO,20000,4,8,2500,2.643400,2.639000,2.649000,9.794000,3.71,2.643
GRID,DINAMICO,20000,6,8,2500,1.860800,1.855000,1.868000,9.794000,5.26,1.861
GRID,DINAMICO,20000,8,8,2500,1.499200,1.496000,1.503000,9.794000,6.53,1.499
GRID,DINAMICO,20000,12,8,2500,1.111200,1.104000,1.124000,9.794000,8.81,1.111
GRID,DINAMICO,20000,18,8,2500,1.116400,1.112000,1.125000,9.794000,8.77,1.116
GRID,DINAMICO,20000,24,8,2500,1.115800,1.114000,1.117000,9.794000,8.78,1.116
GRID,DINAMICO,20000,1,32,625,10.115200,9.977000,10.391000,9.794000,0.97,10.115
GRID,DINAMICO,20000,2,32,625,5.129600,5.100000,5.178000,9.794000,1.91,5.130
GRID,DINAMICO,20000,4,32,625,2.675600,2.620000,2.748000,9.794000,3.66,2.676
GRID,DINAMICO,20000,6,32,625,1.852000,1.846000,1.861000,9.794000,5.29,1.852
GRID,DINAMICO,20000,8,32,625,1.495600,1.492000,1.500000,9.794000,6.55,1.496
GRID,DINAMICO,20000,12,32,625,1.104600,1.103000,1.107000,9.794000,8.87,1.105
GRID,DINAMICO,20000,18,32,625,1.111200,1.110000,1.113000,9.794000,8.81,1.111
GRID,DINAMICO,20000,24,32,625,1.114000,1.113000,1.116000,9.794000,8.79,1.114
GRID,DINAMICO,20000,1,64,313,9.925800,9.891000,10.009000,9.794000,0.99,9.926
GRID,DINAMICO,20000,2,64,313,5.120000,5.100000,5.145000,9.794000,1.91,5.120
GRID,DINAMICO,20000,4,64,313,2.650200,2.641000,2.672000,9.794000,3.70,2.650
GRID,DINAMICO,20000,6,64,313,1.879800,1.858000,1.900000,9.794000,5.21,1.880
GRID,DINAMICO,20000,8,64,313,1.501200,1.494000,1.505000,9.794000,6.52,1.501
GRID,DINAMICO,20000,12,64,313,1.164400,1.139000,1.208000,9.794000,8.41,1.164
GRID,DINAMICO,20000,18,64,313,1.162400,1.154000,1.175000,9.794000,8.43,1.162
GRID,DINAMICO,20000,24,64,313,1.160600,1.147000,1.166000,9.794000,8.44,1.161
GRID,DINAMICO,20000,1,128,157,9.990600,9.952000,10.039000,9.794000,0.98,9.991
GRID,DINAMICO,20000,2,128,157,5.100200,5.081000,5.121000,9.794000,1.92,5.100
GRID,DINAMICO,20000,4,128,157,2.678400,2.660000,2.700000,9.794000,3.66,2.678
GRID,DINAMICO,20000,6,128,157,1.884000,1.875000,1.894000,9.794000,5.20,1.884
GRID,DINAMICO,20000,8,128,157,1.532400,1.518000,1.542000,9.794000,6.39,1.532
GRID,DINAMICO,20000,12,128,157,1.154800,1.134000,1.169000,9.794000,8.48,1.155
GRID,DINAMICO,20000,18,128,157,1.163800,1.146000,1.184000,9.794000,8.42,1.164
GRID,DINAMICO,20000,24,128,157,1.194800,1.155000,1.221000,9.794000,8.20,1.195
GRID,DINAMICO,20000,1,256,79,10.054400,9.959000,10.171000,9.794000,0.97,10.054
GRID,DINAMICO,20000,2,256,79,5.129200,5.104000,5.155000,9.794000,1.91,5.129
GRID,DINAMICO,20000,4,256,79,2.716800,2.672000,2.778000,9.794000,3.60,2.717
GRID,DINAMICO,20000,6,256,79,1.956200,1.946000,1.969000,9.794000,5.01,1.956
GRID,DINAMICO,20000,8,256,79,1.582800,1.536000,1.717000,9.794000,6.19,1.583
GRID,DINAMICO,20000,12,256,79,1.185000,1.173000,1.195000,9.794000,8.26,1.185
GRID,DINAMICO,20000,18,256,79,1.196000,1.185000,1.213000,9.794000,8.19,1.196
GRID,DINAMICO,20000,24,256,79,1.199600,1.168000,1.273000,9.794000,8.16,1.200
